primary_run_id,primary_job_id,repo_full_name,os,requested_php,primary_conclusion,runtime_status,repeat_run_a,repeat_a_conclusion,repeat_a_job_id,repeat_run_b,repeat_b_conclusion,repeat_b_job_id,repeat_status,failure_stage,failure_category,portability_outcome,primary_job_url,repeat_a_job_url,repeat_b_job_url,evidence_source
35220810757,105200270233,0xd011f4ce/OurSpace,macos-14,8.2,success,AVAILABLE,35269909018,success,105366385396,35314890357,success,105504351949,STABLE_SUCCESS,,,REPRODUCIBLE,https://github.com/dwiharyani/laravel-cross-os-portability/actions/runs/35220810757/job/105200270233,https://github.com/dwiharyani/laravel-cross-os-portability/actions/runs/35269909018/job/105366385396,https://github.com/dwiharyani/laravel-cross-os-portability/actions/runs/35314890357/job/105504351949,GitHub Actions job result / runtime evidence artifact
35220810757,105200270183,0xd011f4ce/OurSpace,ubuntu-22.04,8.2,success,AVAILABLE,35269909018,success,105366385190,35314890357,success,105504351937,STABLE_SUCCESS,,,REPRODUCIBLE,https://github.com/dwiharyani/laravel-cross-os-portability/actions/runs/35220810757/job/105200270183,https://github.com/dwiharyani/laravel-cross-os-portability/actions/runs/35269909018/job/105366385190,https://github.com/dwiharyani/laravel-cross-os-portability/actions/runs/35314890357/job/105504351937,GitHub Actions job result / runtime evidence artifact
35220810757,105200270359,0xd011f4ce/OurSpace,windows-2022,8.2,success,AVAILABLE,35269909018,success,105366385320,35314890357,success,105504351922,STABLE_SUCCESS,,,REPRODUCIBLE,https://github.com/dwiharyani/laravel-cross-os-portability/actions/runs/35220810757/job/105200270359,https://github.com/dwiharyani/laravel-cross-os-portability/actions/runs/35269909018/job/105366385320,https://github.com/dwiharyani/laravel-cross-os-portability/actions/runs/35314890357/job/105504351922,GitHub Actions job result / runtime evidence artifact
35220810757,105200270138,1nFrastr/likeadmin_laravel,macos-14,8.2,success,AVAILABLE,35269909018,success,105366385150,35314890357,success,105504351945,STABLE_SUCCESS,,,REPRODUCIBLE,https://github.com/dwiharyani/laravel-cross-os-portability/actions/runs/35220810757/job/105200270138,https://github.com/dwiharyani/laravel-cross-os-portability/actions/runs/35269909018/job/105366385150,https://github.com/dwiharyani/laravel-cross-os-portability/actions/runs/35314890357/job/105504351945,GitHub Actions job result / runtime evidence artifact
35220810757,105200270059,1nFrastr/likeadmin_laravel,ubuntu-22.04,8.2,success,AVAILABLE,35269909018,success,105366385165,35314890357,success,105504352008,STABLE_SUCCESS,,,REPRODUCIBLE,https://github.com/dwiharyani/laravel-cross-os-portability/actions/runs/35220810757/job/105200270059,https://github.com/dwiharyani/laravel-cross-os-portability/actions/runs/35269909018/job/105366385165,https://github.com/dwiharyani/laravel-cross-os-portability/actions/runs/35314890357/job/105504352008,GitHub Actions job result / runtime evidence artifact
35220810757,105200270090,1nFrastr/likeadmin_laravel,windows-2022,8.2,success,AVAILABLE,35269909018,success,105366385295,35314890357,success,105504351978,STABLE_SUCCESS,,,REPRODUCIBLE,https://github.com/dwiharyani/laravel-cross-os-portability/actions/runs/35220810757/job/105200270090,https://github.com/dwiharyani/laravel-cross-os-portability/actions/runs/35269909018/job/105366385295,https://github.com/dwiharyani/laravel-cross-os-portability/actions/runs/35314890357/job/105504351978,GitHub Actions job result / runtime evidence artifact
35220810757,105200271880,2KAbhishek/lacrud,macos-14,8.0,failure,UNAVAILABLE,35269909018,failure,105366387323,35314890357,failure,105504352994,STABLE_FAILURE,runtime_provisioning,PHP runtime provisioning failure,NON_REPRODUCIBLE,https://github.com/dwiharyani/laravel-cross-os-portability/actions/runs/35220810757/job/105200271880,https://github.com/dwiharyani/laravel-cross-os-portability/actions/runs/35269909018/job/105366387323,https://github.com/dwiharyani/laravel-cross-os-portability/actions/runs/35314890357/job/105504352994,GitHub Actions job log / runtime evidence artifact
35220810757,105200271705,2KAbhishek/lacrud,ubuntu-22.04,8.0,success,AVAILABLE,35269909018,success,105366387248,35314890357,success,105504352897,STABLE_SUCCESS,,,REPRODUCIBLE,https://github.com/dwiharyani/laravel-cross-os-portability/actions/runs/35220810757/job/105200271705,https://github.com/dwiharyani/laravel-cross-os-portability/actions/runs/35269909018/job/105366387248,https://github.com/dwiharyani/laravel-cross-os-portability/actions/runs/35314890357/job/105504352897,GitHub Actions job result / runtime evidence artifact
35220810757,105200271767,2KAbhishek/lacrud,windows-2022,8.0,success,AVAILABLE,35269909018,success,105366387201,35314890357,success,105504353072,STABLE_SUCCESS,,,REPRODUCIBLE,https://github.com/dwiharyani/laravel-cross-os-portability/actions/runs/35220810757/job/105200271767,https://github.com/dwiharyani/laravel-cross-os-portability/actions/runs/35269909018/job/105366387201,https://github.com/dwiharyani/laravel-cross-os-portability/actions/runs/35314890357/job/105504353072,GitHub Actions job result / runtime evidence artifact
35220810757,105200270210,404NotFoundIndonesia/raktrek,macos-14,8.1,failure,UNAVAILABLE,35269909018,success,105366385283,35314890357,success,105504351892,STABLE_SUCCESS,runtime_provisioning,PHP runtime provisioning failure,REPRODUCIBLE,https://github.com/dwiharyani/laravel-cross-os-portability/actions/runs/35220810757/job/105200270210,https://github.com/dwiharyani/laravel-cross-os-portability/actions/runs/35269909018/job/105366385283,https://github.com/dwiharyani/laravel-cross-os-portability/actions/runs/35314890357/job/105504351892,GitHub Actions job log / runtime evidence artifact
35220810757,105200270311,404NotFoundIndonesia/raktrek,ubuntu-22.04,8.1,success,AVAILABLE,35269909018,success,105366385290,35314890357,success,105504351915,STABLE_SUCCESS,,,REPRODUCIBLE,https://github.com/dwiharyani/laravel-cross-os-portability/actions/runs/35220810757/job/105200270311,https://github.com/dwiharyani/laravel-cross-os-portability/actions/runs/35269909018/job/105366385290,https://github.com/dwiharyani/laravel-cross-os-portability/actions/runs/35314890357/job/105504351915,GitHub Actions job result / runtime evidence artifact
35220810757,105200270102,404NotFoundIndonesia/raktrek,windows-2022,8.1,success,AVAILABLE,35269909018,success,105366385103,35314890357,success,105504351931,STABLE_SUCCESS,,,REPRODUCIBLE,https://github.com/dwiharyani/laravel-cross-os-portability/actions/runs/35220810757/job/105200270102,https://github.com/dwiharyani/laravel-cross-os-portability/actions/runs/35269909018/job/105366385103,https://github.com/dwiharyani/laravel-cross-os-portability/actions/runs/35314890357/job/105504351931,GitHub Actions job result / runtime evidence artifact
35220810757,105200277330,AKAME007/dashboard,macos-14,7.4,success,AVAILABLE,35269909018,success,105366393318,35314890357,success,105504356632,STABLE_SUCCESS,,,REPRODUCIBLE,https://github.com/dwiharyani/laravel-cross-os-portability/actions/runs/35220810757/job/105200277330,https://github.com/dwiharyani/laravel-cross-os-portability/actions/runs/35269909018/job/105366393318,https://github.com/dwiharyani/laravel-cross-os-portability/actions/runs/35314890357/job/105504356632,GitHub Actions job result / runtime evidence artifact
35220810757,105200277086,AKAME007/dashboard,ubuntu-22.04,7.4,success,AVAILABLE,35269909018,success,105366392992,35314890357,success,105504356452,STABLE_SUCCESS,,,REPRODUCIBLE,https://github.com/dwiharyani/laravel-cross-os-portability/actions/runs/35220810757/job/105200277086,https://github.com/dwiharyani/laravel-cross-os-portability/actions/runs/35269909018/job/105366392992,https://github.com/dwiharyani/laravel-cross-os-portability/actions/runs/35314890357/job/105504356452,GitHub Actions job result / runtime evidence artifact
35220810757,105200277174,AKAME007/dashboard,windows-2022,7.4,success,AVAILABLE,35269909018,success,105366393222,35314890357,success,105504356561,STABLE_SUCCESS,,,REPRODUCIBLE,https://github.com/dwiharyani/laravel-cross-os-portability/actions/runs/35220810757/job/105200277174,https://github.com/dwiharyani/laravel-cross-os-portability/actions/runs/35269909018/job/105366393222,https://github.com/dwiharyani/laravel-cross-os-portability/actions/runs/35314890357/job/105504356561,GitHub Actions job result / runtime evidence artifact
35220810757,105200275776,AKAME007/laravel-vue-cli-3,macos-14,7.4,success,AVAILABLE,35269909018,success,105366391585,35314890357,success,105504355543,STABLE_SUCCESS,,,REPRODUCIBLE,https://github.com/dwiharyani/laravel-cross-os-portability/actions/runs/35220810757/job/105200275776,https://github.com/dwiharyani/laravel-cross-os-portability/actions/runs/35269909018/job/105366391585,https://github.com/dwiharyani/laravel-cross-os-portability/actions/runs/35314890357/job/105504355543,GitHub Actions job result / runtime evidence artifact
35220810757,105200275204,AKAME007/laravel-vue-cli-3,ubuntu-22.04,7.4,success,AVAILABLE,35269909018,success,105366390796,35314890357,success,105504355153,STABLE_SUCCESS,,,REPRODUCIBLE,https://github.com/dwiharyani/laravel-cross-os-portability/actions/runs/35220810757/job/105200275204,https://github.com/dwiharyani/laravel-cross-os-portability/actions/runs/35269909018/job/105366390796,https://github.com/dwiharyani/laravel-cross-os-portability/actions/runs/35314890357/job/105504355153,GitHub Actions job result / runtime evidence artifact
35220810757,105200275324,AKAME007/laravel-vue-cli-3,windows-2022,7.4,success,AVAILABLE,35269909018,success,105366391483,35314890357,success,105504355278,STABLE_SUCCESS,,,REPRODUCIBLE,https://github.com/dwiharyani/laravel-cross-os-portability/actions/runs/35220810757/job/105200275324,https://github.com/dwiharyani/laravel-cross-os-portability/actions/runs/35269909018/job/105366391483,https://github.com/dwiharyani/laravel-cross-os-portability/actions/runs/35314890357/job/105504355278,GitHub Actions job result / runtime evidence artifact
35220810757,105200270156,Abdallah01win/StarterApi,macos-14,8.2,success,AVAILABLE,35269909018,success,105366385260,35314890357,success,105504351900,STABLE_SUCCESS,,,REPRODUCIBLE,https://github.com/dwiharyani/laravel-cross-os-portability/actions/runs/35220810757/job/105200270156,https://github.com/dwiharyani/laravel-cross-os-portability/actions/runs/35269909018/job/105366385260,https://github.com/dwiharyani/laravel-cross-os-portability/actions/runs/35314890357/job/105504351900,GitHub Actions job result / runtime evidence artifact
35220810757,105200270192,Abdallah01win/StarterApi,ubuntu-22.04,8.2,success,AVAILABLE,35269909018,success,105366385141,35314890357,success,105504351891,STABLE_SUCCESS,,,REPRODUCIBLE,https://github.com/dwiharyani/laravel-cross-os-portability/actions/runs/35220810757/job/105200270192,https://github.com/dwiharyani/laravel-cross-os-portability/actions/runs/35269909018/job/105366385141,https://github.com/dwiharyani/laravel-cross-os-portability/actions/runs/35314890357/job/105504351891,GitHub Actions job result / runtime evidence artifact
35220810757,105200270124,Abdallah01win/StarterApi,windows-2022,8.2,success,AVAILABLE,35269909018,success,105366385313,35314890357,success,105504351962,STABLE_SUCCESS,,,REPRODUCIBLE,https://github.com/dwiharyani/laravel-cross-os-portability/actions/runs/35220810757/job/105200270124,https://github.com/dwiharyani/laravel-cross-os-portability/actions/runs/35269909018/job/105366385313,https://github.com/dwiharyani/laravel-cross-os-portability/actions/runs/35314890357/job/105504351962,GitHub Actions job result / runtime evidence artifact
35220810757,105200271619,AhmadIkbalDjaya/momentum,macos-14,8.2,success,AVAILABLE,35269909018,success,105366387116,35314890357,success,105504352898,STABLE_SUCCESS,,,REPRODUCIBLE,https://github.com/dwiharyani/laravel-cross-os-portability/actions/runs/35220810757/job/105200271619,https://github.com/dwiharyani/laravel-cross-os-portability/actions/runs/35269909018/job/105366387116,https://github.com/dwiharyani/laravel-cross-os-portability/actions/runs/35314890357/job/105504352898,GitHub Actions job result / runtime evidence artifact
35220810757,105200271436,AhmadIkbalDjaya/momentum,ubuntu-22.04,8.2,success,AVAILABLE,35269909018,success,105366386907,35314890357,success,105504352708,STABLE_SUCCESS,,,REPRODUCIBLE,https://github.com/dwiharyani/laravel-cross-os-portability/actions/runs/35220810757/job/105200271436,https://github.com/dwiharyani/laravel-cross-os-portability/actions/runs/35269909018/job/105366386907,https://github.com/dwiharyani/laravel-cross-os-portability/actions/runs/35314890357/job/105504352708,GitHub Actions job result / runtime evidence artifact
35220810757,105200271545,AhmadIkbalDjaya/momentum,windows-2022,8.2,success,AVAILABLE,35269909018,success,105366386824,35314890357,success,105504352844,STABLE_SUCCESS,,,REPRODUCIBLE,https://github.com/dwiharyani/laravel-cross-os-portability/actions/runs/35220810757/job/105200271545,https://github.com/dwiharyani/laravel-cross-os-portability/actions/runs/35269909018/job/105366386824,https://github.com/dwiharyani/laravel-cross-os-portability/actions/runs/35314890357/job/105504352844,GitHub Actions job result / runtime evidence artifact
35220810757,105200274916,AkibaAT/fvn.li,macos-14,8.5,success,AVAILABLE,35269909018,success,105366390761,35314890357,success,105504355089,STABLE_SUCCESS,,,REPRODUCIBLE,https://github.com/dwiharyani/laravel-cross-os-portability/actions/runs/35220810757/job/105200274916,https://github.com/dwiharyani/laravel-cross-os-portability/actions/runs/35269909018/job/105366390761,https://github.com/dwiharyani/laravel-cross-os-portability/actions/runs/35314890357/job/105504355089,GitHub Actions job result / runtime evidence artifact
35220810757,105200274881,AkibaAT/fvn.li,ubuntu-22.04,8.5,success,AVAILABLE,35269909018,success,105366390480,35314890357,success,105504354986,STABLE_SUCCESS,,,REPRODUCIBLE,https://github.com/dwiharyani/laravel-cross-os-portability/actions/runs/35220810757/job/105200274881,https://github.com/dwiharyani/laravel-cross-os-portability/actions/runs/35269909018/job/105366390480,https://github.com/dwiharyani/laravel-cross-os-portability/actions/runs/35314890357/job/105504354986,GitHub Actions job result / runtime evidence artifact
35220810757,105200274773,AkibaAT/fvn.li,windows-2022,8.5,success,AVAILABLE,35269909018,success,105366390594,35314890357,success,105504355060,STABLE_SUCCESS,,,REPRODUCIBLE,https://github.com/dwiharyani/laravel-cross-os-portability/actions/runs/35220810757/job/105200274773,https://github.com/dwiharyani/laravel-cross-os-portability/actions/runs/35269909018/job/105366390594,https://github.com/dwiharyani/laravel-cross-os-portability/actions/runs/35314890357/job/105504355060,GitHub Actions job result / runtime evidence artifact
35220810757,105200274541,BaseMax/FirstLaravelAPI,macos-14,7.4,success,AVAILABLE,35269909018,success,105366390412,35314890357,success,105504354913,STABLE_SUCCESS,,,REPRODUCIBLE,https://github.com/dwiharyani/laravel-cross-os-portability/actions/runs/35220810757/job/105200274541,https://github.com/dwiharyani/laravel-cross-os-portability/actions/runs/35269909018/job/105366390412,https://github.com/dwiharyani/laravel-cross-os-portability/actions/runs/35314890357/job/105504354913,GitHub Actions job result / runtime evidence artifact
35220810757,105200274204,BaseMax/FirstLaravelAPI,ubuntu-22.04,7.4,success,AVAILABLE,35269909018,success,105366390027,35314890357,success,105504354706,STABLE_SUCCESS,,,REPRODUCIBLE,https://github.com/dwiharyani/laravel-cross-os-portability/actions/runs/35220810757/job/105200274204,https://github.com/dwiharyani/laravel-cross-os-portability/actions/runs/35269909018/job/105366390027,https://github.com/dwiharyani/laravel-cross-os-portability/actions/runs/35314890357/job/105504354706,GitHub Actions job result / runtime evidence artifact
35220810757,105200274376,BaseMax/FirstLaravelAPI,windows-2022,7.4,success,AVAILABLE,35269909018,success,105366390305,35314890357,success,105504354840,STABLE_SUCCESS,,,REPRODUCIBLE,https://github.com/dwiharyani/laravel-cross-os-portability/actions/runs/35220810757/job/105200274376,https://github.com/dwiharyani/laravel-cross-os-portability/actions/runs/35269909018/job/105366390305,https://github.com/dwiharyani/laravel-cross-os-portability/actions/runs/35314890357/job/105504354840,GitHub Actions job result / runtime evidence artifact
35220810757,105200271435,BaseMax/LaravelTaskDDD,macos-14,8.1,success,AVAILABLE,35269909018,failure,105366386948,35314890357,success,105504352728,VARIABLE,,,PARTIALLY_REPRODUCIBLE,https://github.com/dwiharyani/laravel-cross-os-portability/actions/runs/35220810757/job/105200271435,https://github.com/dwiharyani/laravel-cross-os-portability/actions/runs/35269909018/job/105366386948,https://github.com/dwiharyani/laravel-cross-os-portability/actions/runs/35314890357/job/105504352728,GitHub Actions job result / runtime evidence artifact
35220810757,105200270190,BaseMax/LaravelTaskDDD,ubuntu-22.04,8.1,success,AVAILABLE,35269909018,success,105366385139,35314890357,success,105504351975,STABLE_SUCCESS,,,REPRODUCIBLE,https://github.com/dwiharyani/laravel-cross-os-portability/actions/runs/35220810757/job/105200270190,https://github.com/dwiharyani/laravel-cross-os-portability/actions/runs/35269909018/job/105366385139,https://github.com/dwiharyani/laravel-cross-os-portability/actions/runs/35314890357/job/105504351975,GitHub Actions job result / runtime evidence artifact
35220810757,105200271330,BaseMax/LaravelTaskDDD,windows-2022,8.1,success,AVAILABLE,35269909018,success,105366386902,35314890357,success,105504352737,STABLE_SUCCESS,,,REPRODUCIBLE,https://github.com/dwiharyani/laravel-cross-os-portability/actions/runs/35220810757/job/105200271330,https://github.com/dwiharyani/laravel-cross-os-portability/actions/runs/35269909018/job/105366386902,https://github.com/dwiharyani/laravel-cross-os-portability/actions/runs/35314890357/job/105504352737,GitHub Actions job result / runtime evidence artifact
35220810757,105200273563,CholitaApp/cholita,macos-14,8.4,success,AVAILABLE,35269909018,success,105366389179,35314890357,success,105504354129,STABLE_SUCCESS,,,REPRODUCIBLE,https://github.com/dwiharyani/laravel-cross-os-portability/actions/runs/35220810757/job/105200273563,https://github.com/dwiharyani/laravel-cross-os-portability/actions/runs/35269909018/job/105366389179,https://github.com/dwiharyani/laravel-cross-os-portability/actions/runs/35314890357/job/105504354129,GitHub Actions job result / runtime evidence artifact
35220810757,105200273173,CholitaApp/cholita,ubuntu-22.04,8.4,success,AVAILABLE,35269909018,success,105366388690,35314890357,success,105504354056,STABLE_SUCCESS,,,REPRODUCIBLE,https://github.com/dwiharyani/laravel-cross-os-portability/actions/runs/35220810757/job/105200273173,https://github.com/dwiharyani/laravel-cross-os-portability/actions/runs/35269909018/job/105366388690,https://github.com/dwiharyani/laravel-cross-os-portability/actions/runs/35314890357/job/105504354056,GitHub Actions job result / runtime evidence artifact
35220810757,105200273503,CholitaApp/cholita,windows-2022,8.4,success,AVAILABLE,35269909018,success,105366388671,35314890357,success,105504354058,STABLE_SUCCESS,,,REPRODUCIBLE,https://github.com/dwiharyani/laravel-cross-os-portability/actions/runs/35220810757/job/105200273503,https://github.com/dwiharyani/laravel-cross-os-portability/actions/runs/35269909018/job/105366388671,https://github.com/dwiharyani/laravel-cross-os-portability/actions/runs/35314890357/job/105504354058,GitHub Actions job result / runtime evidence artifact
35220810757,105200272907,Cut0x/forum-php,macos-14,8.3,success,AVAILABLE,35269909018,success,105366388586,35314890357,success,105504353849,STABLE_SUCCESS,,,REPRODUCIBLE,https://github.com/dwiharyani/laravel-cross-os-portability/actions/runs/35220810757/job/105200272907,https://github.com/dwiharyani/laravel-cross-os-portability/actions/runs/35269909018/job/105366388586,https://github.com/dwiharyani/laravel-cross-os-portability/actions/runs/35314890357/job/105504353849,GitHub Actions job result / runtime evidence artifact
35220810757,105200272516,Cut0x/forum-php,ubuntu-22.04,8.3,success,AVAILABLE,35269909018,success,105366388404,35314890357,success,105504353601,STABLE_SUCCESS,,,REPRODUCIBLE,https://github.com/dwiharyani/laravel-cross-os-portability/actions/runs/35220810757/job/105200272516,https://github.com/dwiharyani/laravel-cross-os-portability/actions/runs/35269909018/job/105366388404,https://github.com/dwiharyani/laravel-cross-os-portability/actions/runs/35314890357/job/105504353601,GitHub Actions job result / runtime evidence artifact
35220810757,105200272671,Cut0x/forum-php,windows-2022,8.3,success,AVAILABLE,35269909018,success,105366388426,35314890357,success,105504353696,STABLE_SUCCESS,,,REPRODUCIBLE,https://github.com/dwiharyani/laravel-cross-os-portability/actions/runs/35220810757/job/105200272671,https://github.com/dwiharyani/laravel-cross-os-portability/actions/runs/35269909018/job/105366388426,https://github.com/dwiharyani/laravel-cross-os-portability/actions/runs/35314890357/job/105504353696,GitHub Actions job result / runtime evidence artifact
35220810757,105200270273,Devsome/silkpanel-cms,macos-14,8.3,success,AVAILABLE,35269909018,success,105366385361,35314890357,success,105504351903,STABLE_SUCCESS,,,REPRODUCIBLE,https://github.com/dwiharyani/laravel-cross-os-portability/actions/runs/35220810757/job/105200270273,https://github.com/dwiharyani/laravel-cross-os-portability/actions/runs/35269909018/job/105366385361,https://github.com/dwiharyani/laravel-cross-os-portability/actions/runs/35314890357/job/105504351903,GitHub Actions job result / runtime evidence artifact
35220810757,105200270253,Devsome/silkpanel-cms,ubuntu-22.04,8.3,success,AVAILABLE,35269909018,success,105366385321,35314890357,success,105504351893,STABLE_SUCCESS,,,REPRODUCIBLE,https://github.com/dwiharyani/laravel-cross-os-portability/actions/runs/35220810757/job/105200270253,https://github.com/dwiharyani/laravel-cross-os-portability/actions/runs/35269909018/job/105366385321,https://github.com/dwiharyani/laravel-cross-os-portability/actions/runs/35314890357/job/105504351893,GitHub Actions job result / runtime evidence artifact
35220810757,105200270360,Devsome/silkpanel-cms,windows-2022,8.3,success,AVAILABLE,35269909018,success,105366385140,35314890357,success,105504351899,STABLE_SUCCESS,,,REPRODUCIBLE,https://github.com/dwiharyani/laravel-cross-os-portability/actions/runs/35220810757/job/105200270360,https://github.com/dwiharyani/laravel-cross-os-portability/actions/runs/35269909018/job/105366385140,https://github.com/dwiharyani/laravel-cross-os-portability/actions/runs/35314890357/job/105504351899,GitHub Actions job result / runtime evidence artifact
35220810757,105200272654,Dziennik-Azayaka/azayaka,macos-14,8.3,success,AVAILABLE,35269909018,success,105366388236,35314890357,success,105504353503,STABLE_SUCCESS,,,REPRODUCIBLE,https://github.com/dwiharyani/laravel-cross-os-portability/actions/runs/35220810757/job/105200272654,https://github.com/dwiharyani/laravel-cross-os-portability/actions/runs/35269909018/job/105366388236,https://github.com/dwiharyani/laravel-cross-os-portability/actions/runs/35314890357/job/105504353503,GitHub Actions job result / runtime evidence artifact
35220810757,105200271939,Dziennik-Azayaka/azayaka,ubuntu-22.04,8.3,success,AVAILABLE,35269909018,success,105366387333,35314890357,success,105504353053,STABLE_SUCCESS,,,REPRODUCIBLE,https://github.com/dwiharyani/laravel-cross-os-portability/actions/runs/35220810757/job/105200271939,https://github.com/dwiharyani/laravel-cross-os-portability/actions/runs/35269909018/job/105366387333,https://github.com/dwiharyani/laravel-cross-os-portability/actions/runs/35314890357/job/105504353053,GitHub Actions job result / runtime evidence artifact
35220810757,105200271947,Dziennik-Azayaka/azayaka,windows-2022,8.3,success,AVAILABLE,35269909018,success,105366387401,35314890357,success,105504353091,STABLE_SUCCESS,,,REPRODUCIBLE,https://github.com/dwiharyani/laravel-cross-os-portability/actions/runs/35220810757/job/105200271947,https://github.com/dwiharyani/laravel-cross-os-portability/actions/runs/35269909018/job/105366387401,https://github.com/dwiharyani/laravel-cross-os-portability/actions/runs/35314890357/job/105504353091,GitHub Actions job result / runtime evidence artifact
35220810757,105200274255,Helg18/megadownloaderrobot,macos-14,7.4,success,AVAILABLE,35269909018,success,105366390115,35314890357,success,105504354611,STABLE_SUCCESS,,,REPRODUCIBLE,https://github.com/dwiharyani/laravel-cross-os-portability/actions/runs/35220810757/job/105200274255,https://github.com/dwiharyani/laravel-cross-os-portability/actions/runs/35269909018/job/105366390115,https://github.com/dwiharyani/laravel-cross-os-portability/actions/runs/35314890357/job/105504354611,GitHub Actions job result / runtime evidence artifact
35220810757,105200273859,Helg18/megadownloaderrobot,ubuntu-22.04,7.4,success,AVAILABLE,35269909018,success,105366389907,35314890357,success,105504354406,STABLE_SUCCESS,,,REPRODUCIBLE,https://github.com/dwiharyani/laravel-cross-os-portability/actions/runs/35220810757/job/105200273859,https://github.com/dwiharyani/laravel-cross-os-portability/actions/runs/35269909018/job/105366389907,https://github.com/dwiharyani/laravel-cross-os-portability/actions/runs/35314890357/job/105504354406,GitHub Actions job result / runtime evidence artifact
35220810757,105200274166,Helg18/megadownloaderrobot,windows-2022,7.4,success,AVAILABLE,35269909018,success,105366390056,35314890357,success,105504354638,STABLE_SUCCESS,,,REPRODUCIBLE,https://github.com/dwiharyani/laravel-cross-os-portability/actions/runs/35220810757/job/105200274166,https://github.com/dwiharyani/laravel-cross-os-portability/actions/runs/35269909018/job/105366390056,https://github.com/dwiharyani/laravel-cross-os-portability/actions/runs/35314890357/job/105504354638,GitHub Actions job result / runtime evidence artifact
35220810757,105200273260,HolgerHatGarKeineNode/einundzwanzig-portal,macos-14,8.4,success,AVAILABLE,35269909018,success,105366388810,35314890357,success,105504353846,STABLE_SUCCESS,,,REPRODUCIBLE,https://github.com/dwiharyani/laravel-cross-os-portability/actions/runs/35220810757/job/105200273260,https://github.com/dwiharyani/laravel-cross-os-portability/actions/runs/35269909018/job/105366388810,https://github.com/dwiharyani/laravel-cross-os-portability/actions/runs/35314890357/job/105504353846,GitHub Actions job result / runtime evidence artifact
35220810757,105200273019,HolgerHatGarKeineNode/einundzwanzig-portal,ubuntu-22.04,8.4,success,AVAILABLE,35269909018,success,105366388707,35314890357,success,105504353819,STABLE_SUCCESS,,,REPRODUCIBLE,https://github.com/dwiharyani/laravel-cross-os-portability/actions/runs/35220810757/job/105200273019,https://github.com/dwiharyani/laravel-cross-os-portability/actions/runs/35269909018/job/105366388707,https://github.com/dwiharyani/laravel-cross-os-portability/actions/runs/35314890357/job/105504353819,GitHub Actions job result / runtime evidence artifact
35220810757,105200273186,HolgerHatGarKeineNode/einundzwanzig-portal,windows-2022,8.4,success,AVAILABLE,35269909018,success,105366388818,35314890357,success,105504353859,STABLE_SUCCESS,,,REPRODUCIBLE,https://github.com/dwiharyani/laravel-cross-os-portability/actions/runs/35220810757/job/105200273186,https://github.com/dwiharyani/laravel-cross-os-portability/actions/runs/35269909018/job/105366388818,https://github.com/dwiharyani/laravel-cross-os-portability/actions/runs/35314890357/job/105504353859,GitHub Actions job result / runtime evidence artifact
35220810757,105200276653,HugoJF/csgo-servers-admin-panel,macos-14,5.6,success,AVAILABLE,35269909018,success,105366392948,35314890357,success,105504356314,STABLE_SUCCESS,,,REPRODUCIBLE,https://github.com/dwiharyani/laravel-cross-os-portability/actions/runs/35220810757/job/105200276653,https://github.com/dwiharyani/laravel-cross-os-portability/actions/runs/35269909018/job/105366392948,https://github.com/dwiharyani/laravel-cross-os-portability/actions/runs/35314890357/job/105504356314,GitHub Actions job result / runtime evidence artifact
35220810757,105200276386,HugoJF/csgo-servers-admin-panel,ubuntu-22.04,5.6,success,AVAILABLE,35269909018,success,105366392210,35314890357,success,105504355944,STABLE_SUCCESS,,,REPRODUCIBLE,https://github.com/dwiharyani/laravel-cross-os-portability/actions/runs/35220810757/job/105200276386,https://github.com/dwiharyani/laravel-cross-os-portability/actions/runs/35269909018/job/105366392210,https://github.com/dwiharyani/laravel-cross-os-portability/actions/runs/35314890357/job/105504355944,GitHub Actions job result / runtime evidence artifact
35220810757,105200276438,HugoJF/csgo-servers-admin-panel,windows-2022,5.6,success,AVAILABLE,35269909018,success,105366392569,35314890357,success,105504355988,STABLE_SUCCESS,,,REPRODUCIBLE,https://github.com/dwiharyani/laravel-cross-os-portability/actions/runs/35220810757/job/105200276438,https://github.com/dwiharyani/laravel-cross-os-portability/actions/runs/35269909018/job/105366392569,https://github.com/dwiharyani/laravel-cross-os-portability/actions/runs/35314890357/job/105504355988,GitHub Actions job result / runtime evidence artifact
35220810757,105200276024,MateusHuebra/Termogram-bot,macos-14,7.4,success,AVAILABLE,35269909018,success,105366391994,35314890357,success,105504355877,STABLE_SUCCESS,,,REPRODUCIBLE,https://github.com/dwiharyani/laravel-cross-os-portability/actions/runs/35220810757/job/105200276024,https://github.com/dwiharyani/laravel-cross-os-portability/actions/runs/35269909018/job/105366391994,https://github.com/dwiharyani/laravel-cross-os-portability/actions/runs/35314890357/job/105504355877,GitHub Actions job result / runtime evidence artifact
35220810757,105200275653,MateusHuebra/Termogram-bot,ubuntu-22.04,7.4,success,AVAILABLE,35269909018,success,105366391758,35314890357,success,105504355661,STABLE_SUCCESS,,,REPRODUCIBLE,https://github.com/dwiharyani/laravel-cross-os-portability/actions/runs/35220810757/job/105200275653,https://github.com/dwiharyani/laravel-cross-os-portability/actions/runs/35269909018/job/105366391758,https://github.com/dwiharyani/laravel-cross-os-portability/actions/runs/35314890357/job/105504355661,GitHub Actions job result / runtime evidence artifact
35220810757,105200275682,MateusHuebra/Termogram-bot,windows-2022,7.4,success,AVAILABLE,35269909018,success,105366391811,35314890357,success,105504355669,STABLE_SUCCESS,,,REPRODUCIBLE,https://github.com/dwiharyani/laravel-cross-os-portability/actions/runs/35220810757/job/105200275682,https://github.com/dwiharyani/laravel-cross-os-portability/actions/runs/35269909018/job/105366391811,https://github.com/dwiharyani/laravel-cross-os-portability/actions/runs/35314890357/job/105504355669,GitHub Actions job result / runtime evidence artifact
35220810757,105200276335,MelonSmasher/Chocolatier,macos-14,7.4,success,AVAILABLE,35269909018,success,105366392313,35314890357,success,105504356060,STABLE_SUCCESS,,,REPRODUCIBLE,https://github.com/dwiharyani/laravel-cross-os-portability/actions/runs/35220810757/job/105200276335,https://github.com/dwiharyani/laravel-cross-os-portability/actions/runs/35269909018/job/105366392313,https://github.com/dwiharyani/laravel-cross-os-portability/actions/runs/35314890357/job/105504356060,GitHub Actions job result / runtime evidence artifact
35220810757,105200276172,MelonSmasher/Chocolatier,ubuntu-22.04,7.4,success,AVAILABLE,35269909018,success,105366391870,35314890357,success,105504356012,STABLE_SUCCESS,,,REPRODUCIBLE,https://github.com/dwiharyani/laravel-cross-os-portability/actions/runs/35220810757/job/105200276172,https://github.com/dwiharyani/laravel-cross-os-portability/actions/runs/35269909018/job/105366391870,https://github.com/dwiharyani/laravel-cross-os-portability/actions/runs/35314890357/job/105504356012,GitHub Actions job result / runtime evidence artifact
35220810757,105200276106,MelonSmasher/Chocolatier,windows-2022,7.4,success,AVAILABLE,35269909018,success,105366392077,35314890357,success,105504355996,STABLE_SUCCESS,,,REPRODUCIBLE,https://github.com/dwiharyani/laravel-cross-os-portability/actions/runs/35220810757/job/105200276106,https://github.com/dwiharyani/laravel-cross-os-portability/actions/runs/35269909018/job/105366392077,https://github.com/dwiharyani/laravel-cross-os-portability/actions/runs/35314890357/job/105504355996,GitHub Actions job result / runtime evidence artifact
