repo_full_name,url,latest_sha,php_version_constraint,php_runtime,laravel_version_constraint,php_extensions,test_command,test_command_source,eligibility_status,eligibility_reason
Kareem-Bizreh/E-Commerce_Platform,https://github.com/Kareem-Bizreh/E-Commerce_Platform,7fffee8dd991c6499a256afb52c20f5398cb4d48,^8.2,8.2,^11.31,,php artisan test,artisan detected,ELIGIBLE,Baseline reproducible; PHP runtime can be mapped for all three selected GitHub-hosted OS runners.
goldcoders-corp/vuetified,https://github.com/goldcoders-corp/vuetified,1c3be8e37c8e68e9fea13def8f450fde9734b0b8,^8.0,8.0,^8.12,,php artisan test,artisan detected,ELIGIBLE,Baseline reproducible; PHP runtime can be mapped for all three selected GitHub-hosted OS runners.
ooaoJ/interscore,https://github.com/ooaoJ/interscore,966a8e39e2163afa76d37dffd3d4a1788ffaf626,^8.3,8.3,^13.8,,composer run test,@php artisan config:clear --ansi @no_additional_args && @php artisan test,ELIGIBLE,Baseline reproducible; PHP runtime can be mapped for all three selected GitHub-hosted OS runners.
Reaper1994/supermarket-checkout,https://github.com/Reaper1994/supermarket-checkout,a8b5d1a3822b9f515192e048833aa41b63d67ef8,^8.2,8.2,^11.9,,php artisan test,artisan detected,ELIGIBLE,Baseline reproducible; PHP runtime can be mapped for all three selected GitHub-hosted OS runners.
sfauzi/book-career,https://github.com/sfauzi/book-career,b5ea078e44bc6ff3e2abc1a1068099a3a4cf4921,^8.2,8.2,^12.0,,composer run test,@php artisan config:clear --ansi && @php artisan test,ELIGIBLE,Baseline reproducible; PHP runtime can be mapped for all three selected GitHub-hosted OS runners.
akaunting/akaunting,https://github.com/akaunting/akaunting,8e8a9ed41cb740503f529cb1c9dbda21b2fd5ea3,^8.1,8.1,^10.0,"ext-bcmath, ext-ctype, ext-curl, ext-dom, ext-fileinfo, ext-gd, ext-intl, ext-json, ext-mbstring, ext-openssl, ext-tokenizer, ext-xml, ext-zip",composer run test,composer install --prefer-dist --no-interaction --no-scripts --no-progress --no-ansi && composer dump-autoload,ELIGIBLE,Baseline reproducible; PHP runtime can be mapped for all three selected GitHub-hosted OS runners.
igudy/employees-management-system,https://github.com/igudy/employees-management-system,df8b014b1bd8992065f89300646a69ea496ff19f,^7.3|^8.0,7.4,^8.65,,php artisan test,artisan detected,ELIGIBLE,Baseline reproducible; PHP runtime can be mapped for all three selected GitHub-hosted OS runners.
kalwar/NameApp,https://github.com/kalwar/NameApp,b7905b53e9454fd3fadd1724d660b3a92bd6722d,^8.2,8.2,^12.0,,composer run test,@php artisan config:clear --ansi && @php artisan test,ELIGIBLE,Baseline reproducible; PHP runtime can be mapped for all three selected GitHub-hosted OS runners.
koel/koel,https://github.com/koel/koel,de173f3a91f9fbf5a48e5d9d4d2735e35ad9a9a1,>=8.3,8.3,^13.0,"ext-SimpleXML, ext-exif, ext-fileinfo, ext-gd, ext-json",composer run test,@php artisan test --parallel,ELIGIBLE,Baseline reproducible; PHP runtime can be mapped for all three selected GitHub-hosted OS runners.
rakibhasansabbir/Laravel-Ecommerce-API,https://github.com/rakibhasansabbir/Laravel-Ecommerce-API,83fc11067b315a2b900f08ea64274b180b35ffbe,^8.1,8.1,^9.0,,php artisan test,artisan detected,ELIGIBLE,Baseline reproducible; PHP runtime can be mapped for all three selected GitHub-hosted OS runners.
RodneySsemambo/retail-management-dashboard,https://github.com/RodneySsemambo/retail-management-dashboard,97195b40bb5ac44dcd9bb742171f764f21283342,^8.2,8.2,^12.0,,composer run test,@php artisan config:clear --ansi && @php artisan test,ELIGIBLE,Baseline reproducible; PHP runtime can be mapped for all three selected GitHub-hosted OS runners.
sqlik/sesmograph,https://github.com/sqlik/sesmograph,23adf5687369b9a0278981c4209a861d2f3e45b3,^8.3,8.3,^13.8,,composer run test,@php artisan config:clear --ansi @no_additional_args && @php artisan test,ELIGIBLE,Baseline reproducible; PHP runtime can be mapped for all three selected GitHub-hosted OS runners.
engsahaly/filament_php_course,https://github.com/engsahaly/filament_php_course,ec3fdd845fbb693b3b316659925d5df5e7f592a5,^8.2,8.2,^12.0,,composer run test,@php artisan config:clear --ansi && @php artisan test,ELIGIBLE,Baseline reproducible; PHP runtime can be mapped for all three selected GitHub-hosted OS runners.
JieAnthony/apple-mdm-system,https://github.com/JieAnthony/apple-mdm-system,a713671b2307fae99847cec2fe78889d4501d0d0,^8.4,8.4,^12.0,ext-json,composer run test,@php artisan config:clear --ansi && @php artisan test,ELIGIBLE,Baseline reproducible; PHP runtime can be mapped for all three selected GitHub-hosted OS runners.
piotr-jura-udemy/laravel-graphql-vue-tailwind-course,https://github.com/piotr-jura-udemy/laravel-graphql-vue-tailwind-course,c330ba64998facfc2ee9186f00e15f2893a566fa,^7.2.5,7.4,^7.0,,php artisan test,artisan detected,ELIGIBLE,Baseline reproducible; PHP runtime can be mapped for all three selected GitHub-hosted OS runners.
GabrielG71/busca_produto,https://github.com/GabrielG71/busca_produto,0aa1a30051efec25fa0f5ebf728b070a29e152c4,^8.2,8.2,^12.0,,php artisan test,artisan detected,ELIGIBLE,Baseline reproducible; PHP runtime can be mapped for all three selected GitHub-hosted OS runners.
AmirPeyravan/music-player-style,https://github.com/AmirPeyravan/music-player-style,6ae33c964468f4b3d07516ac7213f6f139e2bcce,^8.2,8.2,^12.0,,composer run test,@php artisan config:clear --ansi && @php artisan test,ELIGIBLE,Baseline reproducible; PHP runtime can be mapped for all three selected GitHub-hosted OS runners.
Jieyab89/Lara-Mankost,https://github.com/Jieyab89/Lara-Mankost,3c6c735160393b20760cbbfa5ffeb2c0965dea8a,^7.2.5,7.4,^7.0,,php artisan test,artisan detected,ELIGIBLE,Baseline reproducible; PHP runtime can be mapped for all three selected GitHub-hosted OS runners.
AbdallhElzayat2020/Auth_Authorize_Native,https://github.com/AbdallhElzayat2020/Auth_Authorize_Native,9ea55407a0d43ec6e5d749c1977150db21e7237c,^8.2,8.2,^12.0,,composer run test,@php artisan config:clear --ansi && @php artisan test,ELIGIBLE,Baseline reproducible; PHP runtime can be mapped for all three selected GitHub-hosted OS runners.
ElieRu/quick-cartel,https://github.com/ElieRu/quick-cartel,8a61d136d35dea61cfc9106867144f72321af44d,^8.1,8.1,^10.10,,php artisan test,artisan detected,ELIGIBLE,Baseline reproducible; PHP runtime can be mapped for all three selected GitHub-hosted OS runners.
SallaApp/laravel-starter-kit,https://github.com/SallaApp/laravel-starter-kit,1bd62d5aa968f5c6ed741f1fa8cdfecfe8c2e79a,^8.3,8.3,^13.8,,composer run test,@php artisan config:clear --ansi @no_additional_args && @php artisan test,ELIGIBLE,Baseline reproducible; PHP runtime can be mapped for all three selected GitHub-hosted OS runners.
orebarranco/filament-ddd-starter,https://github.com/orebarranco/filament-ddd-starter,64f20feec67d734bd6632fb44340849860cb3f86,^8.4,8.4,^13.0,ext-zip,composer run test,@php artisan config:clear --ansi && @test:unit && @test:lint,ELIGIBLE,Baseline reproducible; PHP runtime can be mapped for all three selected GitHub-hosted OS runners.
akhwan90/cat_laravel,https://github.com/akhwan90/cat_laravel,68db44d5619e0a29cfb86b49d7ad3c2d8046cb76,^7.3|^8.0,7.4,^8.75,,php artisan test,artisan detected,ELIGIBLE,Baseline reproducible; PHP runtime can be mapped for all three selected GitHub-hosted OS runners.
RyderAsKing/Plicense,https://github.com/RyderAsKing/Plicense,73ec633497967a8f78ff1ab762fdaec7e8294127,^8.3,8.3,^13.0,,composer run test,@php artisan config:clear --ansi @no_additional_args && @php artisan test,ELIGIBLE,Baseline reproducible; PHP runtime can be mapped for all three selected GitHub-hosted OS runners.
Snevver/SteamGuessr,https://github.com/Snevver/SteamGuessr,4caa8cf49173fe35766813e87f8b9c21f55c4670,^8.2,8.2,^12.0,,composer run test,@php artisan config:clear --ansi && @php artisan test,ELIGIBLE,Baseline reproducible; PHP runtime can be mapped for all three selected GitHub-hosted OS runners.
WajdMHeshme/E-Store-Backend,https://github.com/WajdMHeshme/E-Store-Backend,53382a9846523db112611d37c9334f1f98f17fa9,^8.2,8.2,^12.0,,composer run test,@php artisan config:clear --ansi && @php artisan test,ELIGIBLE,Baseline reproducible; PHP runtime can be mapped for all three selected GitHub-hosted OS runners.
alihamzahq/laravel-multi-tenant-saas-starter,https://github.com/alihamzahq/laravel-multi-tenant-saas-starter,7040645e2a737fafad6aa6dfc820c3d104677b99,^8.4,8.4,^12.0,,composer run test,@php artisan config:clear --ansi && @php artisan test,ELIGIBLE,Baseline reproducible; PHP runtime can be mapped for all three selected GitHub-hosted OS runners.
phamhieuit04/vibra-api,https://github.com/phamhieuit04/vibra-api,abd3191d726f9d79bc9c422aa16961150bd59e7d,^8.1,8.1,^10.10,,php artisan test,artisan detected,ELIGIBLE,Baseline reproducible; PHP runtime can be mapped for all three selected GitHub-hosted OS runners.
AbdullahShublaq/CHATash,https://github.com/AbdullahShublaq/CHATash,ead6c56b14cecc199a3577d8cef828087dbc81a9,^7.2.5,7.4,^7.24,,php artisan test,artisan detected,ELIGIBLE,Baseline reproducible; PHP runtime can be mapped for all three selected GitHub-hosted OS runners.
dharmendraone/user-task-laravel,https://github.com/dharmendraone/user-task-laravel,b142483de4133fc95de230ebd8f8b11e0acfa748,^8.2,8.2,^11.9,,php artisan test,artisan detected,ELIGIBLE,Baseline reproducible; PHP runtime can be mapped for all three selected GitHub-hosted OS runners.
404NotFoundIndonesia/raktrek,https://github.com/404NotFoundIndonesia/raktrek,e00aa117fe3f702e443c396fb2174395e9e23961,^8.1,8.1,^10.10,,php artisan test,artisan detected,ELIGIBLE,Baseline reproducible; PHP runtime can be mapped for all three selected GitHub-hosted OS runners.
Devnawjesh/hr-payroll,https://github.com/Devnawjesh/hr-payroll,a04a017c6f743d14cb6e6cf534a2561975f6d9d3,^8.2,8.2,^12.0,,composer run test,@php artisan config:clear --ansi && @php artisan test,ELIGIBLE,Baseline reproducible; PHP runtime can be mapped for all three selected GitHub-hosted OS runners.
bappy3a/e-commerce-application-using-Laravel-and-Vue,https://github.com/bappy3a/e-commerce-application-using-Laravel-and-Vue,110b0dbb5ffe183df324c1e291d6731db1654155,^7.3|^8.0,7.4,^8.12,,php artisan test,artisan detected,ELIGIBLE,Baseline reproducible; PHP runtime can be mapped for all three selected GitHub-hosted OS runners.
manjurulhoque/laravel-udemy-clone,https://github.com/manjurulhoque/laravel-udemy-clone,41d92593b1f204a36aa947a723f7a7d8867908a4,^8.1,8.1,^10.0,,php artisan test,artisan detected,ELIGIBLE,Baseline reproducible; PHP runtime can be mapped for all three selected GitHub-hosted OS runners.
Laravel-Nepal/laravelnepal.com,https://github.com/Laravel-Nepal/laravelnepal.com,4430386941efa3f0989100b37d3e0dba8491e096,^8.3,8.3,^12.44,ext-gd,composer run test,@php artisan config:clear --ansi && @php artisan test,ELIGIBLE,Baseline reproducible; PHP runtime can be mapped for all three selected GitHub-hosted OS runners.
minhajul/blog,https://github.com/minhajul/blog,76c7bf95c342dd98c27114228796e6a2ecf6f835,^8.4,8.4,^13.0,,composer run test,@php artisan config:clear --ansi && @php artisan test --parallel,ELIGIBLE,Baseline reproducible; PHP runtime can be mapped for all three selected GitHub-hosted OS runners.
TedoHarisC/presensi-app-laravel-filament,https://github.com/TedoHarisC/presensi-app-laravel-filament,7d41d4f61fcf1a143595131169585904a50ff5c3,^8.2,8.2,^11.9,,php artisan test,artisan detected,ELIGIBLE,Baseline reproducible; PHP runtime can be mapped for all three selected GitHub-hosted OS runners.
mycermy/ims-lo14,https://github.com/mycermy/ims-lo14,51f3c128678380266c9ad8c21d0163b5fcbba22c,^8.3,8.3,^11.22,,php artisan test,artisan detected,ELIGIBLE,Baseline reproducible; PHP runtime can be mapped for all three selected GitHub-hosted OS runners.
ArcInTower/telegram-channel-api,https://github.com/ArcInTower/telegram-channel-api,87d3a01ac3bb404721d46f652019ba40409136b6,^8.2,8.2,^12.0,,composer run test,@php artisan config:clear --ansi && @php artisan test,ELIGIBLE,Baseline reproducible; PHP runtime can be mapped for all three selected GitHub-hosted OS runners.
YasserElgammal/expenses-tracker,https://github.com/YasserElgammal/expenses-tracker,44999786610e644b3fb7c5fafccf991ae5433def,^8.1,8.1,^10.10,,php artisan test,artisan detected,ELIGIBLE,Baseline reproducible; PHP runtime can be mapped for all three selected GitHub-hosted OS runners.
mortenebak/laravel-starter-project,https://github.com/mortenebak/laravel-starter-project,985dbe6d5335526def11c75019ac9cc0448c858c,^8.2|^8.3,8.2,^v12.9,,composer run test,php artisan test,ELIGIBLE,Baseline reproducible; PHP runtime can be mapped for all three selected GitHub-hosted OS runners.
Helg18/megadownloaderrobot,https://github.com/Helg18/megadownloaderrobot,e18a2174f777bfbc75c2971d8ca853dcd7cf88d1,^7.2.5,7.4,^7.0,ext-json,php artisan test,artisan detected,ELIGIBLE,Baseline reproducible; PHP runtime can be mapped for all three selected GitHub-hosted OS runners.
FinTrackhq/FinTrack,https://github.com/FinTrackhq/FinTrack,eb168b2f134b544995f14422a2814198503a81b2,^8.3,8.3,^11.0,,php artisan test,artisan detected,ELIGIBLE,Baseline reproducible; PHP runtime can be mapped for all three selected GitHub-hosted OS runners.
hamza094/daywright,https://github.com/hamza094/daywright,24fea0ee6e843791a91b3fcab7e803511c23dc21,^8.3,8.3,^12.41.1,,composer run test,@php vendor/bin/phpunit,ELIGIBLE,Baseline reproducible; PHP runtime can be mapped for all three selected GitHub-hosted OS runners.
nouron/nouron,https://github.com/nouron/nouron,61ecb1ef1c9dcde65a8f439b8164da399c9a9174,^8.2,8.2,^12.0,,php artisan test,artisan detected,ELIGIBLE,Baseline reproducible; PHP runtime can be mapped for all three selected GitHub-hosted OS runners.
MateusHuebra/Termogram-bot,https://github.com/MateusHuebra/Termogram-bot,ff7ae90ba59ab68dc34b9ff8cee8b9d618f4bd81,^7.3|^8.0,7.4,^8.75,,php artisan test,artisan detected,ELIGIBLE,Baseline reproducible; PHP runtime can be mapped for all three selected GitHub-hosted OS runners.
spatie/larabank-aggregates,https://github.com/spatie/larabank-aggregates,8bcbd71514ec9d4d4e8cd9f36dedad71fa449d29,^8.2,8.2,^10.0,,php artisan test,artisan detected,ELIGIBLE,Baseline reproducible; PHP runtime can be mapped for all three selected GitHub-hosted OS runners.
Grasss420/GsWeb,https://github.com/Grasss420/GsWeb,45c67b1dcef845b5969cda3c81f10a2abc4a4c5c,^8.0.30,8.0,^9.19,,php artisan test,artisan detected,ELIGIBLE,Baseline reproducible; PHP runtime can be mapped for all three selected GitHub-hosted OS runners.
gacela-project/laravel-gacela-example,https://github.com/gacela-project/laravel-gacela-example,ba01e7b03ba80416cbd3545fe866649d7d1d8723,^8.3,8.3,^12.0,,composer run test,@test-unit && @test-feature,ELIGIBLE,Baseline reproducible; PHP runtime can be mapped for all three selected GitHub-hosted OS runners.
eddy8/LightCMS,https://github.com/eddy8/LightCMS,1b8235781f794753c28bae38b9a1d88afa53afda,^8.3,8.3,^13.0,,php artisan test,artisan detected,ELIGIBLE,Baseline reproducible; PHP runtime can be mapped for all three selected GitHub-hosted OS runners.
alleyinteractive/link-sharing,https://github.com/alleyinteractive/link-sharing,c0d7303a45acdff746b15c14938221ba5cd0c832,^8.4,8.4,^12.0,,composer run test,php artisan test,ELIGIBLE,Baseline reproducible; PHP runtime can be mapped for all three selected GitHub-hosted OS runners.
ekomh170/hris-backend-laravel-sib,https://github.com/ekomh170/hris-backend-laravel-sib,92aac30af2ab6048e4e1acdd04cfa7462932088b,^8.2,8.2,^12.0,,composer run test,@php artisan config:clear --ansi && @php artisan test,ELIGIBLE,Baseline reproducible; PHP runtime can be mapped for all three selected GitHub-hosted OS runners.
philiprehberger/almanac,https://github.com/philiprehberger/almanac,6e7e78fcab41a771923f29ff40e9ac763e956c26,^8.3,8.3,^13.8,,composer run test,@php artisan config:clear --ansi && @php artisan test,ELIGIBLE,Baseline reproducible; PHP runtime can be mapped for all three selected GitHub-hosted OS runners.
librebill/librebill,https://github.com/librebill/librebill,46bb59cef4f7e9fa7e5cf3464136e229dac94f0a,^8.2,8.2,^12.0,,composer run test,@php artisan config:clear --ansi && @php artisan test,ELIGIBLE,Baseline reproducible; PHP runtime can be mapped for all three selected GitHub-hosted OS runners.
inertiajs/pingcrm,https://github.com/inertiajs/pingcrm,59c77d038f47758417119c28d840025caa9aac6d,^8.2,8.2,^11.1,"ext-exif, ext-gd",php artisan test,artisan detected,ELIGIBLE,Baseline reproducible; PHP runtime can be mapped for all three selected GitHub-hosted OS runners.
boolfalse/laravel-reverb-react-chat,https://github.com/boolfalse/laravel-reverb-react-chat,eedec6f78ba38a668499c55a61ccc593814b6286,^8.2,8.2,^11.0,,php artisan test,artisan detected,ELIGIBLE,Baseline reproducible; PHP runtime can be mapped for all three selected GitHub-hosted OS runners.
sanmaxdev/linkforge,https://github.com/sanmaxdev/linkforge,a05390f41d8d1586f0f857f6787e43267d60fe56,^8.2,8.2,^12.0,,php artisan test,artisan detected,ELIGIBLE,Baseline reproducible; PHP runtime can be mapped for all three selected GitHub-hosted OS runners.
AaEzha/Laravel---AdminLTE-3---Fortify,https://github.com/AaEzha/Laravel---AdminLTE-3---Fortify,cd8bdcb54eddd72881078098b96572cd202da660,^8.2.0,8.2,^12.0,,php artisan test,artisan detected,ELIGIBLE,Baseline reproducible; PHP runtime can be mapped for all three selected GitHub-hosted OS runners.
Astrotomic/astrotomic.info,https://github.com/Astrotomic/astrotomic.info,167d001685bc491402fd32a5a481c6d372100309,^8.1,8.1,^9.19,ext-json,php artisan test,artisan detected,ELIGIBLE,Baseline reproducible; PHP runtime can be mapped for all three selected GitHub-hosted OS runners.
morpheusadam/ShopSmith,https://github.com/morpheusadam/ShopSmith,993738f05a7aff45d40bf5a03f03c1b2d2a47563,^8.1.0,8.1,^10.0,ext-gd,php artisan test,artisan detected,ELIGIBLE,Baseline reproducible; PHP runtime can be mapped for all three selected GitHub-hosted OS runners.
superdevops233/laravel-nuxt,https://github.com/superdevops233/laravel-nuxt,fa7ad5efd87188c5da6c5351c2b19a7c5a63e229,^7.3|^8.0,7.4,^8.12,,php artisan test,artisan detected,ELIGIBLE,Baseline reproducible; PHP runtime can be mapped for all three selected GitHub-hosted OS runners.
bajelanmehran/solid-principles,https://github.com/bajelanmehran/solid-principles,a771494b45757c5daad464c89b2159f96f445c49,^8.2,8.2,^12.0,,composer run test,@php artisan config:clear --ansi && @php artisan test,ELIGIBLE,Baseline reproducible; PHP runtime can be mapped for all three selected GitHub-hosted OS runners.
dsbilling/dsbilling.no,https://github.com/dsbilling/dsbilling.no,5b323f6a72aee4fe54f7363930b630cba93dc726,^8.4,8.4,^12.48,,composer run test,@php artisan config:clear --ansi && @php artisan test,ELIGIBLE,Baseline reproducible; PHP runtime can be mapped for all three selected GitHub-hosted OS runners.
frikishaan/tiny-crm,https://github.com/frikishaan/tiny-crm,4d78908065cead042427322e53449c56f4bbc0b3,^8.2,8.2,^12.0,,php artisan test,artisan detected,ELIGIBLE,Baseline reproducible; PHP runtime can be mapped for all three selected GitHub-hosted OS runners.
canyok-dev0818/production-ready-api,https://github.com/canyok-dev0818/production-ready-api,8bf1c1ade5170fc08f5a4621dd00fa2d60bf466c,^8.1,8.1,^10.0,,php artisan test,artisan detected,ELIGIBLE,Baseline reproducible; PHP runtime can be mapped for all three selected GitHub-hosted OS runners.
MG22Hadi/Warehouses-Mangement,https://github.com/MG22Hadi/Warehouses-Mangement,79ef98197a9631eae961736e54620bf31b4cc1da,^8.2,8.2,^12.0,,composer run test,@php artisan config:clear --ansi && @php artisan test,ELIGIBLE,Baseline reproducible; PHP runtime can be mapped for all three selected GitHub-hosted OS runners.
hzeeshan/watch-later,https://github.com/hzeeshan/watch-later,607565a0740a2aded6d4dc0e54b2e1ddf19ef853,^8.3,8.3,^13.8,,composer run test,@php artisan config:clear --ansi @no_additional_args && @php artisan test,ELIGIBLE,Baseline reproducible; PHP runtime can be mapped for all three selected GitHub-hosted OS runners.
matinsoleymni/TodoAppApi,https://github.com/matinsoleymni/TodoAppApi,3ab98c532185aa7afc094f12b7660124c309bdcb,^8.2,8.2,^11.9,,php artisan test,artisan detected,ELIGIBLE,Baseline reproducible; PHP runtime can be mapped for all three selected GitHub-hosted OS runners.
1nFrastr/likeadmin_laravel,https://github.com/1nFrastr/likeadmin_laravel,5d71e27c3868b598648d7653657737b92f58988a,^8.2,8.2,^11.9,,php artisan test,artisan detected,ELIGIBLE,Baseline reproducible; PHP runtime can be mapped for all three selected GitHub-hosted OS runners.
obstschale/wichteln,https://github.com/obstschale/wichteln,dc8717c58443f54eecb38071ab8908c9381a4ae9,^8.3,8.3,^12.0,ext-json,composer run test,phpunit --colors=always --testdox,ELIGIBLE,Baseline reproducible; PHP runtime can be mapped for all three selected GitHub-hosted OS runners.
BaseMax/FirstLaravelAPI,https://github.com/BaseMax/FirstLaravelAPI,13cb2b0cf0720114577ddc1839b931306156a084,^7.3|^8.0,7.4,^8.12,,vendor/bin/phpunit,vendor/bin/phpunit detected,ELIGIBLE,Baseline reproducible; PHP runtime can be mapped for all three selected GitHub-hosted OS runners.
jrmajor/arbor,https://github.com/jrmajor/arbor,889b7f574c84bd1baa2797e1e3b8ebed294a503d,~8.4.0,8.4,^12.56,,composer run test,@php artisan test --parallel,ELIGIBLE,Baseline reproducible; PHP runtime can be mapped for all three selected GitHub-hosted OS runners.
ijklim/docker-laravel,https://github.com/ijklim/docker-laravel,80ae82ababdff68c3cde035894bf071d9133edac,^8.3,8.3,^12.0,,php artisan test,artisan detected,ELIGIBLE,Baseline reproducible; PHP runtime can be mapped for all three selected GitHub-hosted OS runners.
angkosal/laravel-pos,https://github.com/angkosal/laravel-pos,9634a10b30fd57e1862da319ef2112eb742829a5,^8.2,8.2,^12.0,,composer run test,@php artisan config:clear --ansi && @php artisan test,ELIGIBLE,Baseline reproducible; PHP runtime can be mapped for all three selected GitHub-hosted OS runners.
emtiazzahid/laravel-quiz-system,https://github.com/emtiazzahid/laravel-quiz-system,7ba5ae16674b12e799dcd0c636bef5129aea20c9,^8.2,8.2,^12.0,,composer run test,@php artisan config:clear --ansi && @php artisan test,ELIGIBLE,Baseline reproducible; PHP runtime can be mapped for all three selected GitHub-hosted OS runners.
tastyigniter/TastyIgniter,https://github.com/tastyigniter/TastyIgniter,035028bc43debb9da08a29e2c8030ec70a92126a,^8.3,8.3,^12.0,,composer run test,@php artisan config:clear --ansi && @php artisan test,ELIGIBLE,Baseline reproducible; PHP runtime can be mapped for all three selected GitHub-hosted OS runners.
laravel/sail-server,https://github.com/laravel/sail-server,b6f7cc3793cfe9beaee01481da64a026d771fe94,^7.4|^8.0,7.4,^8.12,,php artisan test,artisan detected,ELIGIBLE,Baseline reproducible; PHP runtime can be mapped for all three selected GitHub-hosted OS runners.
leo54200/AI-Powered-Study-Group-Website,https://github.com/leo54200/AI-Powered-Study-Group-Website,d641059f2b805af796e585d7b2ce9a4da49c7a5d,^8.2,8.2,^11.9,,php artisan test,artisan detected,ELIGIBLE,Baseline reproducible; PHP runtime can be mapped for all three selected GitHub-hosted OS runners.
lightszentip/laravel-starter-base-app,https://github.com/lightszentip/laravel-starter-base-app,6227a107dbc395c14854018197c28335a2169b82,^8.2||^8.3,8.2,^v12.19,,composer run test,@test:pest && @test:phpstan,ELIGIBLE,Baseline reproducible; PHP runtime can be mapped for all three selected GitHub-hosted OS runners.
albertoarena/filament-event-sourcing-demo,https://github.com/albertoarena/filament-event-sourcing-demo,423fd0595dfe3c53ffa7b36ca0304f81555d6bcc,^8.3,8.3,^13.0,,composer run test,@php artisan config:clear --ansi && @php artisan test,ELIGIBLE,Baseline reproducible; PHP runtime can be mapped for all three selected GitHub-hosted OS runners.
ObedNyakundi/schoolfeesmodule,https://github.com/ObedNyakundi/schoolfeesmodule,edf3c306768822cdba5e368558d27918b7001016,^8.2,8.2,^11.9,,php artisan test,artisan detected,ELIGIBLE,Baseline reproducible; PHP runtime can be mapped for all three selected GitHub-hosted OS runners.
yajra/yajrabox.com,https://github.com/yajra/yajrabox.com,00237fead541d4558ffc5aae95ddc581fa294f0c,^8.3,8.3,^13.1.1,,php artisan test,artisan detected,ELIGIBLE,Baseline reproducible; PHP runtime can be mapped for all three selected GitHub-hosted OS runners.
phi-rakib/inventory-management-system-api,https://github.com/phi-rakib/inventory-management-system-api,abbfaeda7bfea6f0a14ba5724ba81e5de3fa0682,^8.2,8.2,^11.0,,php artisan test,artisan detected,ELIGIBLE,Baseline reproducible; PHP runtime can be mapped for all three selected GitHub-hosted OS runners.
2KAbhishek/lacrud,https://github.com/2KAbhishek/lacrud,906dba0d2edfd1119c218867877a4dad20b4ff76,^8.0.2,8.0,^9.19,,php artisan test,artisan detected,ELIGIBLE,Baseline reproducible; PHP runtime can be mapped for all three selected GitHub-hosted OS runners.
riskialfi/e-kasir,https://github.com/riskialfi/e-kasir,bf87e825d788709db429eeef64ef0b000fb690b6,^8.1,8.1,^10.10,,php artisan test,artisan detected,ELIGIBLE,Baseline reproducible; PHP runtime can be mapped for all three selected GitHub-hosted OS runners.
para1992/laravel-rick-demo,https://github.com/para1992/laravel-rick-demo,4b3c0eed720cc7a5ed18517dc9b0bb240a3decdd,^8.3,8.3,^13.17,,composer run test,@php artisan config:clear --ansi @no_additional_args && @php artisan test,ELIGIBLE,Baseline reproducible; PHP runtime can be mapped for all three selected GitHub-hosted OS runners.
srph/yeet,https://github.com/srph/yeet,032bbd2089e363a37b2112e4352a3016ef5c50ed,^8.3,8.3,^13.8,,composer run test,@php artisan config:clear --ansi @no_additional_args && @php artisan test,ELIGIBLE,Baseline reproducible; PHP runtime can be mapped for all three selected GitHub-hosted OS runners.
ilsyaa/lazyui-docs,https://github.com/ilsyaa/lazyui-docs,7e5ff5b807b6b5b65381ec02117180eb993c8571,^8.2,8.2,^12.0,,php artisan test,artisan detected,ELIGIBLE,Baseline reproducible; PHP runtime can be mapped for all three selected GitHub-hosted OS runners.
meetmansoorali/users_management,https://github.com/meetmansoorali/users_management,8a38ba476bbc2a7ade53391f58c417c6d5d8252d,^8.2,8.2,^12.0,,composer run test,@php artisan config:clear --ansi && @php artisan test,ELIGIBLE,Baseline reproducible; PHP runtime can be mapped for all three selected GitHub-hosted OS runners.
siamaknaghel/clinic-management-system,https://github.com/siamaknaghel/clinic-management-system,56b5db3b69d88aac0867c8b14fe6857abc647749,^8.2,8.2,^12.0,,composer run test,@php artisan config:clear --ansi && @php artisan test,ELIGIBLE,Baseline reproducible; PHP runtime can be mapped for all three selected GitHub-hosted OS runners.
Pupler/Crypto-Exchange-Website,https://github.com/Pupler/Crypto-Exchange-Website,bdcd8b3bfeb5c6d6385f053e33df60883c4eb84c,^8.2,8.2,^11.9,,php artisan test,artisan detected,ELIGIBLE,Baseline reproducible; PHP runtime can be mapped for all three selected GitHub-hosted OS runners.
laravelio/paste.laravel.io,https://github.com/laravelio/paste.laravel.io,331cd4a8f451525cd120bdbe82170d1b6aaae325,8.4.*,8.4,^12.49,,php artisan test,artisan detected,ELIGIBLE,Baseline reproducible; PHP runtime can be mapped for all three selected GitHub-hosted OS runners.
ikhbalfuady/lavux,https://github.com/ikhbalfuady/lavux,cd482a20f02cc2214d55de0b4e0b11bca56a8496,^8.1,8.1,^10.0,,php artisan test,artisan detected,ELIGIBLE,Baseline reproducible; PHP runtime can be mapped for all three selected GitHub-hosted OS runners.
