repo_index,repo_full_name,latest_sha,php_runtime,laravel_version_constraint,os,runner,batch
1,Kareem-Bizreh/E-Commerce_Platform,7fffee8dd991c6499a256afb52c20f5398cb4d48,8.2,^11.31,linux,ubuntu-22.04,1
1,Kareem-Bizreh/E-Commerce_Platform,7fffee8dd991c6499a256afb52c20f5398cb4d48,8.2,^11.31,windows,windows-2022,1
1,Kareem-Bizreh/E-Commerce_Platform,7fffee8dd991c6499a256afb52c20f5398cb4d48,8.2,^11.31,macos,macos-15,1
2,goldcoders-corp/vuetified,1c3be8e37c8e68e9fea13def8f450fde9734b0b8,8.0,^8.12,linux,ubuntu-22.04,1
2,goldcoders-corp/vuetified,1c3be8e37c8e68e9fea13def8f450fde9734b0b8,8.0,^8.12,windows,windows-2022,1
2,goldcoders-corp/vuetified,1c3be8e37c8e68e9fea13def8f450fde9734b0b8,8.0,^8.12,macos,macos-15,1
3,ooaoJ/interscore,966a8e39e2163afa76d37dffd3d4a1788ffaf626,8.3,^13.8,linux,ubuntu-22.04,1
3,ooaoJ/interscore,966a8e39e2163afa76d37dffd3d4a1788ffaf626,8.3,^13.8,windows,windows-2022,1
3,ooaoJ/interscore,966a8e39e2163afa76d37dffd3d4a1788ffaf626,8.3,^13.8,macos,macos-15,1
4,Reaper1994/supermarket-checkout,a8b5d1a3822b9f515192e048833aa41b63d67ef8,8.2,^11.9,linux,ubuntu-22.04,1
4,Reaper1994/supermarket-checkout,a8b5d1a3822b9f515192e048833aa41b63d67ef8,8.2,^11.9,windows,windows-2022,1
4,Reaper1994/supermarket-checkout,a8b5d1a3822b9f515192e048833aa41b63d67ef8,8.2,^11.9,macos,macos-15,1
5,sfauzi/book-career,b5ea078e44bc6ff3e2abc1a1068099a3a4cf4921,8.2,^12.0,linux,ubuntu-22.04,1
5,sfauzi/book-career,b5ea078e44bc6ff3e2abc1a1068099a3a4cf4921,8.2,^12.0,windows,windows-2022,1
5,sfauzi/book-career,b5ea078e44bc6ff3e2abc1a1068099a3a4cf4921,8.2,^12.0,macos,macos-15,1
6,akaunting/akaunting,8e8a9ed41cb740503f529cb1c9dbda21b2fd5ea3,8.1,^10.0,linux,ubuntu-22.04,1
6,akaunting/akaunting,8e8a9ed41cb740503f529cb1c9dbda21b2fd5ea3,8.1,^10.0,windows,windows-2022,1
6,akaunting/akaunting,8e8a9ed41cb740503f529cb1c9dbda21b2fd5ea3,8.1,^10.0,macos,macos-15,1
7,igudy/employees-management-system,df8b014b1bd8992065f89300646a69ea496ff19f,7.4,^8.65,linux,ubuntu-22.04,1
7,igudy/employees-management-system,df8b014b1bd8992065f89300646a69ea496ff19f,7.4,^8.65,windows,windows-2022,1
7,igudy/employees-management-system,df8b014b1bd8992065f89300646a69ea496ff19f,7.4,^8.65,macos,macos-15,1
8,kalwar/NameApp,b7905b53e9454fd3fadd1724d660b3a92bd6722d,8.2,^12.0,linux,ubuntu-22.04,1
8,kalwar/NameApp,b7905b53e9454fd3fadd1724d660b3a92bd6722d,8.2,^12.0,windows,windows-2022,1
8,kalwar/NameApp,b7905b53e9454fd3fadd1724d660b3a92bd6722d,8.2,^12.0,macos,macos-15,1
9,koel/koel,de173f3a91f9fbf5a48e5d9d4d2735e35ad9a9a1,8.3,^13.0,linux,ubuntu-22.04,1
9,koel/koel,de173f3a91f9fbf5a48e5d9d4d2735e35ad9a9a1,8.3,^13.0,windows,windows-2022,1
9,koel/koel,de173f3a91f9fbf5a48e5d9d4d2735e35ad9a9a1,8.3,^13.0,macos,macos-15,1
10,rakibhasansabbir/Laravel-Ecommerce-API,83fc11067b315a2b900f08ea64274b180b35ffbe,8.1,^9.0,linux,ubuntu-22.04,1
10,rakibhasansabbir/Laravel-Ecommerce-API,83fc11067b315a2b900f08ea64274b180b35ffbe,8.1,^9.0,windows,windows-2022,1
10,rakibhasansabbir/Laravel-Ecommerce-API,83fc11067b315a2b900f08ea64274b180b35ffbe,8.1,^9.0,macos,macos-15,1
11,RodneySsemambo/retail-management-dashboard,97195b40bb5ac44dcd9bb742171f764f21283342,8.2,^12.0,linux,ubuntu-22.04,1
11,RodneySsemambo/retail-management-dashboard,97195b40bb5ac44dcd9bb742171f764f21283342,8.2,^12.0,windows,windows-2022,1
11,RodneySsemambo/retail-management-dashboard,97195b40bb5ac44dcd9bb742171f764f21283342,8.2,^12.0,macos,macos-15,1
12,sqlik/sesmograph,23adf5687369b9a0278981c4209a861d2f3e45b3,8.3,^13.8,linux,ubuntu-22.04,1
12,sqlik/sesmograph,23adf5687369b9a0278981c4209a861d2f3e45b3,8.3,^13.8,windows,windows-2022,1
12,sqlik/sesmograph,23adf5687369b9a0278981c4209a861d2f3e45b3,8.3,^13.8,macos,macos-15,1
13,engsahaly/filament_php_course,ec3fdd845fbb693b3b316659925d5df5e7f592a5,8.2,^12.0,linux,ubuntu-22.04,1
13,engsahaly/filament_php_course,ec3fdd845fbb693b3b316659925d5df5e7f592a5,8.2,^12.0,windows,windows-2022,1
13,engsahaly/filament_php_course,ec3fdd845fbb693b3b316659925d5df5e7f592a5,8.2,^12.0,macos,macos-15,1
14,JieAnthony/apple-mdm-system,a713671b2307fae99847cec2fe78889d4501d0d0,8.4,^12.0,linux,ubuntu-22.04,1
14,JieAnthony/apple-mdm-system,a713671b2307fae99847cec2fe78889d4501d0d0,8.4,^12.0,windows,windows-2022,1
14,JieAnthony/apple-mdm-system,a713671b2307fae99847cec2fe78889d4501d0d0,8.4,^12.0,macos,macos-15,1
15,piotr-jura-udemy/laravel-graphql-vue-tailwind-course,c330ba64998facfc2ee9186f00e15f2893a566fa,7.4,^7.0,linux,ubuntu-22.04,1
15,piotr-jura-udemy/laravel-graphql-vue-tailwind-course,c330ba64998facfc2ee9186f00e15f2893a566fa,7.4,^7.0,windows,windows-2022,1
15,piotr-jura-udemy/laravel-graphql-vue-tailwind-course,c330ba64998facfc2ee9186f00e15f2893a566fa,7.4,^7.0,macos,macos-15,1
16,GabrielG71/busca_produto,0aa1a30051efec25fa0f5ebf728b070a29e152c4,8.2,^12.0,linux,ubuntu-22.04,1
16,GabrielG71/busca_produto,0aa1a30051efec25fa0f5ebf728b070a29e152c4,8.2,^12.0,windows,windows-2022,1
16,GabrielG71/busca_produto,0aa1a30051efec25fa0f5ebf728b070a29e152c4,8.2,^12.0,macos,macos-15,1
17,AmirPeyravan/music-player-style,6ae33c964468f4b3d07516ac7213f6f139e2bcce,8.2,^12.0,linux,ubuntu-22.04,1
17,AmirPeyravan/music-player-style,6ae33c964468f4b3d07516ac7213f6f139e2bcce,8.2,^12.0,windows,windows-2022,1
17,AmirPeyravan/music-player-style,6ae33c964468f4b3d07516ac7213f6f139e2bcce,8.2,^12.0,macos,macos-15,1
18,Jieyab89/Lara-Mankost,3c6c735160393b20760cbbfa5ffeb2c0965dea8a,7.4,^7.0,linux,ubuntu-22.04,1
18,Jieyab89/Lara-Mankost,3c6c735160393b20760cbbfa5ffeb2c0965dea8a,7.4,^7.0,windows,windows-2022,1
18,Jieyab89/Lara-Mankost,3c6c735160393b20760cbbfa5ffeb2c0965dea8a,7.4,^7.0,macos,macos-15,1
19,AbdallhElzayat2020/Auth_Authorize_Native,9ea55407a0d43ec6e5d749c1977150db21e7237c,8.2,^12.0,linux,ubuntu-22.04,1
19,AbdallhElzayat2020/Auth_Authorize_Native,9ea55407a0d43ec6e5d749c1977150db21e7237c,8.2,^12.0,windows,windows-2022,1
19,AbdallhElzayat2020/Auth_Authorize_Native,9ea55407a0d43ec6e5d749c1977150db21e7237c,8.2,^12.0,macos,macos-15,1
20,ElieRu/quick-cartel,8a61d136d35dea61cfc9106867144f72321af44d,8.1,^10.10,linux,ubuntu-22.04,1
20,ElieRu/quick-cartel,8a61d136d35dea61cfc9106867144f72321af44d,8.1,^10.10,windows,windows-2022,1
20,ElieRu/quick-cartel,8a61d136d35dea61cfc9106867144f72321af44d,8.1,^10.10,macos,macos-15,1
21,SallaApp/laravel-starter-kit,1bd62d5aa968f5c6ed741f1fa8cdfecfe8c2e79a,8.3,^13.8,linux,ubuntu-22.04,1
21,SallaApp/laravel-starter-kit,1bd62d5aa968f5c6ed741f1fa8cdfecfe8c2e79a,8.3,^13.8,windows,windows-2022,1
21,SallaApp/laravel-starter-kit,1bd62d5aa968f5c6ed741f1fa8cdfecfe8c2e79a,8.3,^13.8,macos,macos-15,1
22,orebarranco/filament-ddd-starter,64f20feec67d734bd6632fb44340849860cb3f86,8.4,^13.0,linux,ubuntu-22.04,1
22,orebarranco/filament-ddd-starter,64f20feec67d734bd6632fb44340849860cb3f86,8.4,^13.0,windows,windows-2022,1
22,orebarranco/filament-ddd-starter,64f20feec67d734bd6632fb44340849860cb3f86,8.4,^13.0,macos,macos-15,1
23,akhwan90/cat_laravel,68db44d5619e0a29cfb86b49d7ad3c2d8046cb76,7.4,^8.75,linux,ubuntu-22.04,1
23,akhwan90/cat_laravel,68db44d5619e0a29cfb86b49d7ad3c2d8046cb76,7.4,^8.75,windows,windows-2022,1
23,akhwan90/cat_laravel,68db44d5619e0a29cfb86b49d7ad3c2d8046cb76,7.4,^8.75,macos,macos-15,1
24,RyderAsKing/Plicense,73ec633497967a8f78ff1ab762fdaec7e8294127,8.3,^13.0,linux,ubuntu-22.04,1
24,RyderAsKing/Plicense,73ec633497967a8f78ff1ab762fdaec7e8294127,8.3,^13.0,windows,windows-2022,1
24,RyderAsKing/Plicense,73ec633497967a8f78ff1ab762fdaec7e8294127,8.3,^13.0,macos,macos-15,1
25,Snevver/SteamGuessr,4caa8cf49173fe35766813e87f8b9c21f55c4670,8.2,^12.0,linux,ubuntu-22.04,1
25,Snevver/SteamGuessr,4caa8cf49173fe35766813e87f8b9c21f55c4670,8.2,^12.0,windows,windows-2022,1
25,Snevver/SteamGuessr,4caa8cf49173fe35766813e87f8b9c21f55c4670,8.2,^12.0,macos,macos-15,1
26,WajdMHeshme/E-Store-Backend,53382a9846523db112611d37c9334f1f98f17fa9,8.2,^12.0,linux,ubuntu-22.04,1
26,WajdMHeshme/E-Store-Backend,53382a9846523db112611d37c9334f1f98f17fa9,8.2,^12.0,windows,windows-2022,1
26,WajdMHeshme/E-Store-Backend,53382a9846523db112611d37c9334f1f98f17fa9,8.2,^12.0,macos,macos-15,1
27,alihamzahq/laravel-multi-tenant-saas-starter,7040645e2a737fafad6aa6dfc820c3d104677b99,8.4,^12.0,linux,ubuntu-22.04,1
27,alihamzahq/laravel-multi-tenant-saas-starter,7040645e2a737fafad6aa6dfc820c3d104677b99,8.4,^12.0,windows,windows-2022,1
27,alihamzahq/laravel-multi-tenant-saas-starter,7040645e2a737fafad6aa6dfc820c3d104677b99,8.4,^12.0,macos,macos-15,1
28,phamhieuit04/vibra-api,abd3191d726f9d79bc9c422aa16961150bd59e7d,8.1,^10.10,linux,ubuntu-22.04,1
28,phamhieuit04/vibra-api,abd3191d726f9d79bc9c422aa16961150bd59e7d,8.1,^10.10,windows,windows-2022,1
28,phamhieuit04/vibra-api,abd3191d726f9d79bc9c422aa16961150bd59e7d,8.1,^10.10,macos,macos-15,1
29,AbdullahShublaq/CHATash,ead6c56b14cecc199a3577d8cef828087dbc81a9,7.4,^7.24,linux,ubuntu-22.04,1
29,AbdullahShublaq/CHATash,ead6c56b14cecc199a3577d8cef828087dbc81a9,7.4,^7.24,windows,windows-2022,1
29,AbdullahShublaq/CHATash,ead6c56b14cecc199a3577d8cef828087dbc81a9,7.4,^7.24,macos,macos-15,1
30,dharmendraone/user-task-laravel,b142483de4133fc95de230ebd8f8b11e0acfa748,8.2,^11.9,linux,ubuntu-22.04,1
30,dharmendraone/user-task-laravel,b142483de4133fc95de230ebd8f8b11e0acfa748,8.2,^11.9,windows,windows-2022,1
30,dharmendraone/user-task-laravel,b142483de4133fc95de230ebd8f8b11e0acfa748,8.2,^11.9,macos,macos-15,1
31,404NotFoundIndonesia/raktrek,e00aa117fe3f702e443c396fb2174395e9e23961,8.1,^10.10,linux,ubuntu-22.04,1
31,404NotFoundIndonesia/raktrek,e00aa117fe3f702e443c396fb2174395e9e23961,8.1,^10.10,windows,windows-2022,1
31,404NotFoundIndonesia/raktrek,e00aa117fe3f702e443c396fb2174395e9e23961,8.1,^10.10,macos,macos-15,1
32,Devnawjesh/hr-payroll,a04a017c6f743d14cb6e6cf534a2561975f6d9d3,8.2,^12.0,linux,ubuntu-22.04,2
32,Devnawjesh/hr-payroll,a04a017c6f743d14cb6e6cf534a2561975f6d9d3,8.2,^12.0,windows,windows-2022,2
32,Devnawjesh/hr-payroll,a04a017c6f743d14cb6e6cf534a2561975f6d9d3,8.2,^12.0,macos,macos-15,2
33,bappy3a/e-commerce-application-using-Laravel-and-Vue,110b0dbb5ffe183df324c1e291d6731db1654155,7.4,^8.12,linux,ubuntu-22.04,2
33,bappy3a/e-commerce-application-using-Laravel-and-Vue,110b0dbb5ffe183df324c1e291d6731db1654155,7.4,^8.12,windows,windows-2022,2
33,bappy3a/e-commerce-application-using-Laravel-and-Vue,110b0dbb5ffe183df324c1e291d6731db1654155,7.4,^8.12,macos,macos-15,2
34,manjurulhoque/laravel-udemy-clone,41d92593b1f204a36aa947a723f7a7d8867908a4,8.1,^10.0,linux,ubuntu-22.04,2
34,manjurulhoque/laravel-udemy-clone,41d92593b1f204a36aa947a723f7a7d8867908a4,8.1,^10.0,windows,windows-2022,2
34,manjurulhoque/laravel-udemy-clone,41d92593b1f204a36aa947a723f7a7d8867908a4,8.1,^10.0,macos,macos-15,2
35,Laravel-Nepal/laravelnepal.com,4430386941efa3f0989100b37d3e0dba8491e096,8.3,^12.44,linux,ubuntu-22.04,2
35,Laravel-Nepal/laravelnepal.com,4430386941efa3f0989100b37d3e0dba8491e096,8.3,^12.44,windows,windows-2022,2
35,Laravel-Nepal/laravelnepal.com,4430386941efa3f0989100b37d3e0dba8491e096,8.3,^12.44,macos,macos-15,2
36,minhajul/blog,76c7bf95c342dd98c27114228796e6a2ecf6f835,8.4,^13.0,linux,ubuntu-22.04,2
36,minhajul/blog,76c7bf95c342dd98c27114228796e6a2ecf6f835,8.4,^13.0,windows,windows-2022,2
36,minhajul/blog,76c7bf95c342dd98c27114228796e6a2ecf6f835,8.4,^13.0,macos,macos-15,2
37,TedoHarisC/presensi-app-laravel-filament,7d41d4f61fcf1a143595131169585904a50ff5c3,8.2,^11.9,linux,ubuntu-22.04,2
37,TedoHarisC/presensi-app-laravel-filament,7d41d4f61fcf1a143595131169585904a50ff5c3,8.2,^11.9,windows,windows-2022,2
37,TedoHarisC/presensi-app-laravel-filament,7d41d4f61fcf1a143595131169585904a50ff5c3,8.2,^11.9,macos,macos-15,2
38,mycermy/ims-lo14,51f3c128678380266c9ad8c21d0163b5fcbba22c,8.3,^11.22,linux,ubuntu-22.04,2
38,mycermy/ims-lo14,51f3c128678380266c9ad8c21d0163b5fcbba22c,8.3,^11.22,windows,windows-2022,2
38,mycermy/ims-lo14,51f3c128678380266c9ad8c21d0163b5fcbba22c,8.3,^11.22,macos,macos-15,2
39,ArcInTower/telegram-channel-api,87d3a01ac3bb404721d46f652019ba40409136b6,8.2,^12.0,linux,ubuntu-22.04,2
39,ArcInTower/telegram-channel-api,87d3a01ac3bb404721d46f652019ba40409136b6,8.2,^12.0,windows,windows-2022,2
39,ArcInTower/telegram-channel-api,87d3a01ac3bb404721d46f652019ba40409136b6,8.2,^12.0,macos,macos-15,2
40,YasserElgammal/expenses-tracker,44999786610e644b3fb7c5fafccf991ae5433def,8.1,^10.10,linux,ubuntu-22.04,2
40,YasserElgammal/expenses-tracker,44999786610e644b3fb7c5fafccf991ae5433def,8.1,^10.10,windows,windows-2022,2
40,YasserElgammal/expenses-tracker,44999786610e644b3fb7c5fafccf991ae5433def,8.1,^10.10,macos,macos-15,2
41,mortenebak/laravel-starter-project,985dbe6d5335526def11c75019ac9cc0448c858c,8.2,^v12.9,linux,ubuntu-22.04,2
41,mortenebak/laravel-starter-project,985dbe6d5335526def11c75019ac9cc0448c858c,8.2,^v12.9,windows,windows-2022,2
41,mortenebak/laravel-starter-project,985dbe6d5335526def11c75019ac9cc0448c858c,8.2,^v12.9,macos,macos-15,2
42,Helg18/megadownloaderrobot,e18a2174f777bfbc75c2971d8ca853dcd7cf88d1,7.4,^7.0,linux,ubuntu-22.04,2
42,Helg18/megadownloaderrobot,e18a2174f777bfbc75c2971d8ca853dcd7cf88d1,7.4,^7.0,windows,windows-2022,2
42,Helg18/megadownloaderrobot,e18a2174f777bfbc75c2971d8ca853dcd7cf88d1,7.4,^7.0,macos,macos-15,2
43,FinTrackhq/FinTrack,eb168b2f134b544995f14422a2814198503a81b2,8.3,^11.0,linux,ubuntu-22.04,2
43,FinTrackhq/FinTrack,eb168b2f134b544995f14422a2814198503a81b2,8.3,^11.0,windows,windows-2022,2
43,FinTrackhq/FinTrack,eb168b2f134b544995f14422a2814198503a81b2,8.3,^11.0,macos,macos-15,2
44,hamza094/daywright,24fea0ee6e843791a91b3fcab7e803511c23dc21,8.3,^12.41.1,linux,ubuntu-22.04,2
44,hamza094/daywright,24fea0ee6e843791a91b3fcab7e803511c23dc21,8.3,^12.41.1,windows,windows-2022,2
44,hamza094/daywright,24fea0ee6e843791a91b3fcab7e803511c23dc21,8.3,^12.41.1,macos,macos-15,2
45,nouron/nouron,61ecb1ef1c9dcde65a8f439b8164da399c9a9174,8.2,^12.0,linux,ubuntu-22.04,2
45,nouron/nouron,61ecb1ef1c9dcde65a8f439b8164da399c9a9174,8.2,^12.0,windows,windows-2022,2
45,nouron/nouron,61ecb1ef1c9dcde65a8f439b8164da399c9a9174,8.2,^12.0,macos,macos-15,2
46,MateusHuebra/Termogram-bot,ff7ae90ba59ab68dc34b9ff8cee8b9d618f4bd81,7.4,^8.75,linux,ubuntu-22.04,2
46,MateusHuebra/Termogram-bot,ff7ae90ba59ab68dc34b9ff8cee8b9d618f4bd81,7.4,^8.75,windows,windows-2022,2
46,MateusHuebra/Termogram-bot,ff7ae90ba59ab68dc34b9ff8cee8b9d618f4bd81,7.4,^8.75,macos,macos-15,2
47,spatie/larabank-aggregates,8bcbd71514ec9d4d4e8cd9f36dedad71fa449d29,8.2,^10.0,linux,ubuntu-22.04,2
47,spatie/larabank-aggregates,8bcbd71514ec9d4d4e8cd9f36dedad71fa449d29,8.2,^10.0,windows,windows-2022,2
47,spatie/larabank-aggregates,8bcbd71514ec9d4d4e8cd9f36dedad71fa449d29,8.2,^10.0,macos,macos-15,2
48,Grasss420/GsWeb,45c67b1dcef845b5969cda3c81f10a2abc4a4c5c,8.0,^9.19,linux,ubuntu-22.04,2
48,Grasss420/GsWeb,45c67b1dcef845b5969cda3c81f10a2abc4a4c5c,8.0,^9.19,windows,windows-2022,2
48,Grasss420/GsWeb,45c67b1dcef845b5969cda3c81f10a2abc4a4c5c,8.0,^9.19,macos,macos-15,2
49,gacela-project/laravel-gacela-example,ba01e7b03ba80416cbd3545fe866649d7d1d8723,8.3,^12.0,linux,ubuntu-22.04,2
49,gacela-project/laravel-gacela-example,ba01e7b03ba80416cbd3545fe866649d7d1d8723,8.3,^12.0,windows,windows-2022,2
49,gacela-project/laravel-gacela-example,ba01e7b03ba80416cbd3545fe866649d7d1d8723,8.3,^12.0,macos,macos-15,2
50,eddy8/LightCMS,1b8235781f794753c28bae38b9a1d88afa53afda,8.3,^13.0,linux,ubuntu-22.04,2
50,eddy8/LightCMS,1b8235781f794753c28bae38b9a1d88afa53afda,8.3,^13.0,windows,windows-2022,2
50,eddy8/LightCMS,1b8235781f794753c28bae38b9a1d88afa53afda,8.3,^13.0,macos,macos-15,2
51,alleyinteractive/link-sharing,c0d7303a45acdff746b15c14938221ba5cd0c832,8.4,^12.0,linux,ubuntu-22.04,2
51,alleyinteractive/link-sharing,c0d7303a45acdff746b15c14938221ba5cd0c832,8.4,^12.0,windows,windows-2022,2
51,alleyinteractive/link-sharing,c0d7303a45acdff746b15c14938221ba5cd0c832,8.4,^12.0,macos,macos-15,2
52,ekomh170/hris-backend-laravel-sib,92aac30af2ab6048e4e1acdd04cfa7462932088b,8.2,^12.0,linux,ubuntu-22.04,2
52,ekomh170/hris-backend-laravel-sib,92aac30af2ab6048e4e1acdd04cfa7462932088b,8.2,^12.0,windows,windows-2022,2
52,ekomh170/hris-backend-laravel-sib,92aac30af2ab6048e4e1acdd04cfa7462932088b,8.2,^12.0,macos,macos-15,2
53,philiprehberger/almanac,6e7e78fcab41a771923f29ff40e9ac763e956c26,8.3,^13.8,linux,ubuntu-22.04,2
53,philiprehberger/almanac,6e7e78fcab41a771923f29ff40e9ac763e956c26,8.3,^13.8,windows,windows-2022,2
53,philiprehberger/almanac,6e7e78fcab41a771923f29ff40e9ac763e956c26,8.3,^13.8,macos,macos-15,2
54,librebill/librebill,46bb59cef4f7e9fa7e5cf3464136e229dac94f0a,8.2,^12.0,linux,ubuntu-22.04,2
54,librebill/librebill,46bb59cef4f7e9fa7e5cf3464136e229dac94f0a,8.2,^12.0,windows,windows-2022,2
54,librebill/librebill,46bb59cef4f7e9fa7e5cf3464136e229dac94f0a,8.2,^12.0,macos,macos-15,2
55,inertiajs/pingcrm,59c77d038f47758417119c28d840025caa9aac6d,8.2,^11.1,linux,ubuntu-22.04,2
55,inertiajs/pingcrm,59c77d038f47758417119c28d840025caa9aac6d,8.2,^11.1,windows,windows-2022,2
55,inertiajs/pingcrm,59c77d038f47758417119c28d840025caa9aac6d,8.2,^11.1,macos,macos-15,2
56,boolfalse/laravel-reverb-react-chat,eedec6f78ba38a668499c55a61ccc593814b6286,8.2,^11.0,linux,ubuntu-22.04,2
56,boolfalse/laravel-reverb-react-chat,eedec6f78ba38a668499c55a61ccc593814b6286,8.2,^11.0,windows,windows-2022,2
56,boolfalse/laravel-reverb-react-chat,eedec6f78ba38a668499c55a61ccc593814b6286,8.2,^11.0,macos,macos-15,2
57,sanmaxdev/linkforge,a05390f41d8d1586f0f857f6787e43267d60fe56,8.2,^12.0,linux,ubuntu-22.04,2
57,sanmaxdev/linkforge,a05390f41d8d1586f0f857f6787e43267d60fe56,8.2,^12.0,windows,windows-2022,2
57,sanmaxdev/linkforge,a05390f41d8d1586f0f857f6787e43267d60fe56,8.2,^12.0,macos,macos-15,2
58,AaEzha/Laravel---AdminLTE-3---Fortify,cd8bdcb54eddd72881078098b96572cd202da660,8.2,^12.0,linux,ubuntu-22.04,2
58,AaEzha/Laravel---AdminLTE-3---Fortify,cd8bdcb54eddd72881078098b96572cd202da660,8.2,^12.0,windows,windows-2022,2
58,AaEzha/Laravel---AdminLTE-3---Fortify,cd8bdcb54eddd72881078098b96572cd202da660,8.2,^12.0,macos,macos-15,2
59,Astrotomic/astrotomic.info,167d001685bc491402fd32a5a481c6d372100309,8.1,^9.19,linux,ubuntu-22.04,2
59,Astrotomic/astrotomic.info,167d001685bc491402fd32a5a481c6d372100309,8.1,^9.19,windows,windows-2022,2
59,Astrotomic/astrotomic.info,167d001685bc491402fd32a5a481c6d372100309,8.1,^9.19,macos,macos-15,2
60,morpheusadam/ShopSmith,993738f05a7aff45d40bf5a03f03c1b2d2a47563,8.1,^10.0,linux,ubuntu-22.04,2
60,morpheusadam/ShopSmith,993738f05a7aff45d40bf5a03f03c1b2d2a47563,8.1,^10.0,windows,windows-2022,2
60,morpheusadam/ShopSmith,993738f05a7aff45d40bf5a03f03c1b2d2a47563,8.1,^10.0,macos,macos-15,2
61,superdevops233/laravel-nuxt,fa7ad5efd87188c5da6c5351c2b19a7c5a63e229,7.4,^8.12,linux,ubuntu-22.04,2
61,superdevops233/laravel-nuxt,fa7ad5efd87188c5da6c5351c2b19a7c5a63e229,7.4,^8.12,windows,windows-2022,2
61,superdevops233/laravel-nuxt,fa7ad5efd87188c5da6c5351c2b19a7c5a63e229,7.4,^8.12,macos,macos-15,2
62,bajelanmehran/solid-principles,a771494b45757c5daad464c89b2159f96f445c49,8.2,^12.0,linux,ubuntu-22.04,2
62,bajelanmehran/solid-principles,a771494b45757c5daad464c89b2159f96f445c49,8.2,^12.0,windows,windows-2022,2
62,bajelanmehran/solid-principles,a771494b45757c5daad464c89b2159f96f445c49,8.2,^12.0,macos,macos-15,2
63,dsbilling/dsbilling.no,5b323f6a72aee4fe54f7363930b630cba93dc726,8.4,^12.48,linux,ubuntu-22.04,3
63,dsbilling/dsbilling.no,5b323f6a72aee4fe54f7363930b630cba93dc726,8.4,^12.48,windows,windows-2022,3
63,dsbilling/dsbilling.no,5b323f6a72aee4fe54f7363930b630cba93dc726,8.4,^12.48,macos,macos-15,3
64,frikishaan/tiny-crm,4d78908065cead042427322e53449c56f4bbc0b3,8.2,^12.0,linux,ubuntu-22.04,3
64,frikishaan/tiny-crm,4d78908065cead042427322e53449c56f4bbc0b3,8.2,^12.0,windows,windows-2022,3
64,frikishaan/tiny-crm,4d78908065cead042427322e53449c56f4bbc0b3,8.2,^12.0,macos,macos-15,3
65,canyok-dev0818/production-ready-api,8bf1c1ade5170fc08f5a4621dd00fa2d60bf466c,8.1,^10.0,linux,ubuntu-22.04,3
65,canyok-dev0818/production-ready-api,8bf1c1ade5170fc08f5a4621dd00fa2d60bf466c,8.1,^10.0,windows,windows-2022,3
65,canyok-dev0818/production-ready-api,8bf1c1ade5170fc08f5a4621dd00fa2d60bf466c,8.1,^10.0,macos,macos-15,3
66,MG22Hadi/Warehouses-Mangement,79ef98197a9631eae961736e54620bf31b4cc1da,8.2,^12.0,linux,ubuntu-22.04,3
66,MG22Hadi/Warehouses-Mangement,79ef98197a9631eae961736e54620bf31b4cc1da,8.2,^12.0,windows,windows-2022,3
66,MG22Hadi/Warehouses-Mangement,79ef98197a9631eae961736e54620bf31b4cc1da,8.2,^12.0,macos,macos-15,3
67,hzeeshan/watch-later,607565a0740a2aded6d4dc0e54b2e1ddf19ef853,8.3,^13.8,linux,ubuntu-22.04,3
67,hzeeshan/watch-later,607565a0740a2aded6d4dc0e54b2e1ddf19ef853,8.3,^13.8,windows,windows-2022,3
67,hzeeshan/watch-later,607565a0740a2aded6d4dc0e54b2e1ddf19ef853,8.3,^13.8,macos,macos-15,3
68,matinsoleymni/TodoAppApi,3ab98c532185aa7afc094f12b7660124c309bdcb,8.2,^11.9,linux,ubuntu-22.04,3
68,matinsoleymni/TodoAppApi,3ab98c532185aa7afc094f12b7660124c309bdcb,8.2,^11.9,windows,windows-2022,3
68,matinsoleymni/TodoAppApi,3ab98c532185aa7afc094f12b7660124c309bdcb,8.2,^11.9,macos,macos-15,3
69,1nFrastr/likeadmin_laravel,5d71e27c3868b598648d7653657737b92f58988a,8.2,^11.9,linux,ubuntu-22.04,3
69,1nFrastr/likeadmin_laravel,5d71e27c3868b598648d7653657737b92f58988a,8.2,^11.9,windows,windows-2022,3
69,1nFrastr/likeadmin_laravel,5d71e27c3868b598648d7653657737b92f58988a,8.2,^11.9,macos,macos-15,3
70,obstschale/wichteln,dc8717c58443f54eecb38071ab8908c9381a4ae9,8.3,^12.0,linux,ubuntu-22.04,3
70,obstschale/wichteln,dc8717c58443f54eecb38071ab8908c9381a4ae9,8.3,^12.0,windows,windows-2022,3
70,obstschale/wichteln,dc8717c58443f54eecb38071ab8908c9381a4ae9,8.3,^12.0,macos,macos-15,3
71,BaseMax/FirstLaravelAPI,13cb2b0cf0720114577ddc1839b931306156a084,7.4,^8.12,linux,ubuntu-22.04,3
71,BaseMax/FirstLaravelAPI,13cb2b0cf0720114577ddc1839b931306156a084,7.4,^8.12,windows,windows-2022,3
71,BaseMax/FirstLaravelAPI,13cb2b0cf0720114577ddc1839b931306156a084,7.4,^8.12,macos,macos-15,3
72,jrmajor/arbor,889b7f574c84bd1baa2797e1e3b8ebed294a503d,8.4,^12.56,linux,ubuntu-22.04,3
72,jrmajor/arbor,889b7f574c84bd1baa2797e1e3b8ebed294a503d,8.4,^12.56,windows,windows-2022,3
72,jrmajor/arbor,889b7f574c84bd1baa2797e1e3b8ebed294a503d,8.4,^12.56,macos,macos-15,3
73,ijklim/docker-laravel,80ae82ababdff68c3cde035894bf071d9133edac,8.3,^12.0,linux,ubuntu-22.04,3
73,ijklim/docker-laravel,80ae82ababdff68c3cde035894bf071d9133edac,8.3,^12.0,windows,windows-2022,3
73,ijklim/docker-laravel,80ae82ababdff68c3cde035894bf071d9133edac,8.3,^12.0,macos,macos-15,3
74,angkosal/laravel-pos,9634a10b30fd57e1862da319ef2112eb742829a5,8.2,^12.0,linux,ubuntu-22.04,3
74,angkosal/laravel-pos,9634a10b30fd57e1862da319ef2112eb742829a5,8.2,^12.0,windows,windows-2022,3
74,angkosal/laravel-pos,9634a10b30fd57e1862da319ef2112eb742829a5,8.2,^12.0,macos,macos-15,3
75,emtiazzahid/laravel-quiz-system,7ba5ae16674b12e799dcd0c636bef5129aea20c9,8.2,^12.0,linux,ubuntu-22.04,3
75,emtiazzahid/laravel-quiz-system,7ba5ae16674b12e799dcd0c636bef5129aea20c9,8.2,^12.0,windows,windows-2022,3
75,emtiazzahid/laravel-quiz-system,7ba5ae16674b12e799dcd0c636bef5129aea20c9,8.2,^12.0,macos,macos-15,3
76,tastyigniter/TastyIgniter,035028bc43debb9da08a29e2c8030ec70a92126a,8.3,^12.0,linux,ubuntu-22.04,3
76,tastyigniter/TastyIgniter,035028bc43debb9da08a29e2c8030ec70a92126a,8.3,^12.0,windows,windows-2022,3
76,tastyigniter/TastyIgniter,035028bc43debb9da08a29e2c8030ec70a92126a,8.3,^12.0,macos,macos-15,3
77,laravel/sail-server,b6f7cc3793cfe9beaee01481da64a026d771fe94,7.4,^8.12,linux,ubuntu-22.04,3
77,laravel/sail-server,b6f7cc3793cfe9beaee01481da64a026d771fe94,7.4,^8.12,windows,windows-2022,3
77,laravel/sail-server,b6f7cc3793cfe9beaee01481da64a026d771fe94,7.4,^8.12,macos,macos-15,3
78,leo54200/AI-Powered-Study-Group-Website,d641059f2b805af796e585d7b2ce9a4da49c7a5d,8.2,^11.9,linux,ubuntu-22.04,3
78,leo54200/AI-Powered-Study-Group-Website,d641059f2b805af796e585d7b2ce9a4da49c7a5d,8.2,^11.9,windows,windows-2022,3
78,leo54200/AI-Powered-Study-Group-Website,d641059f2b805af796e585d7b2ce9a4da49c7a5d,8.2,^11.9,macos,macos-15,3
79,lightszentip/laravel-starter-base-app,6227a107dbc395c14854018197c28335a2169b82,8.2,^v12.19,linux,ubuntu-22.04,3
79,lightszentip/laravel-starter-base-app,6227a107dbc395c14854018197c28335a2169b82,8.2,^v12.19,windows,windows-2022,3
79,lightszentip/laravel-starter-base-app,6227a107dbc395c14854018197c28335a2169b82,8.2,^v12.19,macos,macos-15,3
80,albertoarena/filament-event-sourcing-demo,423fd0595dfe3c53ffa7b36ca0304f81555d6bcc,8.3,^13.0,linux,ubuntu-22.04,3
80,albertoarena/filament-event-sourcing-demo,423fd0595dfe3c53ffa7b36ca0304f81555d6bcc,8.3,^13.0,windows,windows-2022,3
80,albertoarena/filament-event-sourcing-demo,423fd0595dfe3c53ffa7b36ca0304f81555d6bcc,8.3,^13.0,macos,macos-15,3
81,ObedNyakundi/schoolfeesmodule,edf3c306768822cdba5e368558d27918b7001016,8.2,^11.9,linux,ubuntu-22.04,3
81,ObedNyakundi/schoolfeesmodule,edf3c306768822cdba5e368558d27918b7001016,8.2,^11.9,windows,windows-2022,3
81,ObedNyakundi/schoolfeesmodule,edf3c306768822cdba5e368558d27918b7001016,8.2,^11.9,macos,macos-15,3
82,yajra/yajrabox.com,00237fead541d4558ffc5aae95ddc581fa294f0c,8.3,^13.1.1,linux,ubuntu-22.04,3
82,yajra/yajrabox.com,00237fead541d4558ffc5aae95ddc581fa294f0c,8.3,^13.1.1,windows,windows-2022,3
82,yajra/yajrabox.com,00237fead541d4558ffc5aae95ddc581fa294f0c,8.3,^13.1.1,macos,macos-15,3
83,phi-rakib/inventory-management-system-api,abbfaeda7bfea6f0a14ba5724ba81e5de3fa0682,8.2,^11.0,linux,ubuntu-22.04,3
83,phi-rakib/inventory-management-system-api,abbfaeda7bfea6f0a14ba5724ba81e5de3fa0682,8.2,^11.0,windows,windows-2022,3
83,phi-rakib/inventory-management-system-api,abbfaeda7bfea6f0a14ba5724ba81e5de3fa0682,8.2,^11.0,macos,macos-15,3
84,2KAbhishek/lacrud,906dba0d2edfd1119c218867877a4dad20b4ff76,8.0,^9.19,linux,ubuntu-22.04,3
84,2KAbhishek/lacrud,906dba0d2edfd1119c218867877a4dad20b4ff76,8.0,^9.19,windows,windows-2022,3
84,2KAbhishek/lacrud,906dba0d2edfd1119c218867877a4dad20b4ff76,8.0,^9.19,macos,macos-15,3
85,riskialfi/e-kasir,bf87e825d788709db429eeef64ef0b000fb690b6,8.1,^10.10,linux,ubuntu-22.04,3
85,riskialfi/e-kasir,bf87e825d788709db429eeef64ef0b000fb690b6,8.1,^10.10,windows,windows-2022,3
85,riskialfi/e-kasir,bf87e825d788709db429eeef64ef0b000fb690b6,8.1,^10.10,macos,macos-15,3
86,para1992/laravel-rick-demo,4b3c0eed720cc7a5ed18517dc9b0bb240a3decdd,8.3,^13.17,linux,ubuntu-22.04,3
86,para1992/laravel-rick-demo,4b3c0eed720cc7a5ed18517dc9b0bb240a3decdd,8.3,^13.17,windows,windows-2022,3
86,para1992/laravel-rick-demo,4b3c0eed720cc7a5ed18517dc9b0bb240a3decdd,8.3,^13.17,macos,macos-15,3
87,srph/yeet,032bbd2089e363a37b2112e4352a3016ef5c50ed,8.3,^13.8,linux,ubuntu-22.04,3
87,srph/yeet,032bbd2089e363a37b2112e4352a3016ef5c50ed,8.3,^13.8,windows,windows-2022,3
87,srph/yeet,032bbd2089e363a37b2112e4352a3016ef5c50ed,8.3,^13.8,macos,macos-15,3
88,ilsyaa/lazyui-docs,7e5ff5b807b6b5b65381ec02117180eb993c8571,8.2,^12.0,linux,ubuntu-22.04,3
88,ilsyaa/lazyui-docs,7e5ff5b807b6b5b65381ec02117180eb993c8571,8.2,^12.0,windows,windows-2022,3
88,ilsyaa/lazyui-docs,7e5ff5b807b6b5b65381ec02117180eb993c8571,8.2,^12.0,macos,macos-15,3
89,meetmansoorali/users_management,8a38ba476bbc2a7ade53391f58c417c6d5d8252d,8.2,^12.0,linux,ubuntu-22.04,3
89,meetmansoorali/users_management,8a38ba476bbc2a7ade53391f58c417c6d5d8252d,8.2,^12.0,windows,windows-2022,3
89,meetmansoorali/users_management,8a38ba476bbc2a7ade53391f58c417c6d5d8252d,8.2,^12.0,macos,macos-15,3
90,siamaknaghel/clinic-management-system,56b5db3b69d88aac0867c8b14fe6857abc647749,8.2,^12.0,linux,ubuntu-22.04,3
90,siamaknaghel/clinic-management-system,56b5db3b69d88aac0867c8b14fe6857abc647749,8.2,^12.0,windows,windows-2022,3
90,siamaknaghel/clinic-management-system,56b5db3b69d88aac0867c8b14fe6857abc647749,8.2,^12.0,macos,macos-15,3
91,Pupler/Crypto-Exchange-Website,bdcd8b3bfeb5c6d6385f053e33df60883c4eb84c,8.2,^11.9,linux,ubuntu-22.04,3
91,Pupler/Crypto-Exchange-Website,bdcd8b3bfeb5c6d6385f053e33df60883c4eb84c,8.2,^11.9,windows,windows-2022,3
91,Pupler/Crypto-Exchange-Website,bdcd8b3bfeb5c6d6385f053e33df60883c4eb84c,8.2,^11.9,macos,macos-15,3
92,laravelio/paste.laravel.io,331cd4a8f451525cd120bdbe82170d1b6aaae325,8.4,^12.49,linux,ubuntu-22.04,3
92,laravelio/paste.laravel.io,331cd4a8f451525cd120bdbe82170d1b6aaae325,8.4,^12.49,windows,windows-2022,3
92,laravelio/paste.laravel.io,331cd4a8f451525cd120bdbe82170d1b6aaae325,8.4,^12.49,macos,macos-15,3
93,ikhbalfuady/lavux,cd482a20f02cc2214d55de0b4e0b11bca56a8496,8.1,^10.0,linux,ubuntu-22.04,3
93,ikhbalfuady/lavux,cd482a20f02cc2214d55de0b4e0b11bca56a8496,8.1,^10.0,windows,windows-2022,3
93,ikhbalfuady/lavux,cd482a20f02cc2214d55de0b4e0b11bca56a8496,8.1,^10.0,macos,macos-15,3
